codigo,nome,categoria,rua,predio,nivel,ap,validade,data_armazenado,quantidade,numero_lote,tipo,palete
618,ACC VDC GASTRO INTESTINAL LOW FAT 1 5KG,Veterinária,1,1,0,1,15/07/2026,,1,,AP,MEIO
1296,ACC VDC SATIETY SMALL DOG 1 5KG,Veterinária,1,1,0,2,31/08/2026,,1,,AP,MEIO
1056,ACC VDC DIABETIC 1 5KG,Veterinária,1,1,0,3,29/08/2026,,1,,AP,MEIO
1056,ACC VDC DIABETIC 1 5KG,Veterinária,1,1,0,3,30/10/2026,,1,,AP,MEIO
681,ACC VDC SATIETY SUP 1 5KG,Veterinária,1,1,0,4,24/10/2026,,1,,AP,MEIO
681,ACC VDC SATIETY SUP 1 5KG,Veterinária,1,1,0,4,15/11/2026,,1,,AP,MEIO
157,ACC VDC GASTRO INTESTINAL 2KG,Veterinária,1,1,2,1,21/11/2026,1,1,,AE,INTEIRO
1020,ACC VDC HYPOALLERGENIC SMALL 2KG,Veterinária,1,1,2,2,05/08/2026,1,1,,AE,INTEIRO
619,ACC FHN EXIGENT 1 5KG,Alimentação,1,2,0,1,03/09/2026,,1,,AP,MEIO
619,ACC FHN EXIGENT 1 5KG,Alimentação,1,2,0,1,14/09/2026,,1,,AP,MEIO
523,ACC FHN STERILISED 1 5KG,Alimentação,1,2,0,2,03/09/2026,,1,,AP,MEIO
698,ACC FHN STERILISED 7 1 5KG,Alimentação,1,2,0,3,11/10/2026,,1,,AP,MEIO
698,ACC FHN STERILISED 7 1 5KG,Alimentação,1,2,0,3,16/11/2026,,1,,AP,MEIO
594,ACC FHN KITTEN 1 5KG,Alimentação,1,2,0,4,08/08/2026,,1,,AP,MEIO
1333,ACC VDC URINARY SMALL DOG 2KG,Veterinária,1,2,2,1,31/10/2026,1,1,,AE,INTEIRO
523,ACC FHN STERILISED 1 5KG,Alimentação,1,2,2,2,11/09/2026,1,1,,AE,INTEIRO
1020,ACC VDC HYPOALLERGENIC SMALL 2KG,Veterinária,1,3,0,1,14/04/2026,,1,,AP,MEIO
1333,ACC VDC URINARY SMALL DOG 2KG,Veterinária,1,3,0,2,11/10/2026,,1,,AP,MEIO
1296,ACC VDC SATIETY SMALL DOG 1 5KG,Veterinária,1,3,1,1,31/08/2026,1,1,,AE,INTEIRO
1333,ACC VDC URINARY SMALL DOG 2KG,Veterinária,1,3,1,2,11/10/2026,1,1,,AE,INTEIRO
157,ACC VDC GASTRO INTESTINAL 2KG,Veterinária,1,3,2,1,08/10/2026,1,1,,AE,INTEIRO
184,ACC VDF URINARY S O 1 5KG,Veterinária,1,3,2,2,14/11/2026,1,1,,AE,INTEIRO
184,ACC VDF URINARY S O 1 5KG,Veterinária,1,3,2,2,28/11/2026,1,1,,AE,INTEIRO
657,ACC FHN SENSIBLE 1 5KG,Alimentação,1,4,0,1,31/08/2026,,1,,AP,MEIO
657,ACC FHN SENSIBLE 1 5KG,Alimentação,1,4,0,1,31/09/2026,,1,,AP,MEIO
700,ACC FHN STERILISED 12 1 5KG,Alimentação,1,4,0,2,25/07/2026,,1,,AP,MEIO
700,ACC FHN STERILISED 12 1 5KG,Alimentação,1,4,0,2,13/09/2026,,1,,AP,MEIO
700,ACC FHN STERILISED 12 1 5KG,Alimentação,1,4,0,2,20/09/2026,,1,,AP,MEIO
700,ACC FHN STERILISED 12 1 5KG,Alimentação,1,4,0,2,31/10/2026,,1,,AP,MEIO
593,ACC FHN INDOOR 1 5KG,Alimentação,1,4,0,3,26/08/2026,,1,,AP,TERCO
593,ACC FHN INDOOR 1 5KG,Alimentação,1,4,0,3,13/10/2026,,1,,AP,TERCO
706,ACC FHN KITTEN STERILISED 1 5KG,Alimentação,1,4,0,4,09/08/2026,,1,,AP,TERCO
706,ACC FHN KITTEN STERILISED 1 5KG,Alimentação,1,4,0,4,29/08/2026,,1,,AP,TERCO
623,ACC FHN LIGHT 1 5KG,Alimentação,1,4,0,5,29/05/2026,,1,,AP,TERCO
623,ACC FHN LIGHT 1 5KG,Alimentação,1,4,0,5,25/08/2026,,1,,AP,TERCO
752,ACC VDF GASTRO INTESTINAL 1 5KG,Veterinária,1,4,2,1,23/10/2026,1,1,,AE,INTEIRO
619,ACC FHN EXIGENT 1 5KG,Alimentação,1,4,2,2,08/10/2026,1,1,,AE,INTEIRO
1715,ACC VDC G. I. LOW FAT SMALL DOG 1 5KG,Veterinária,1,5,0,1,25/10/2026,,1,,AP,MEIO
1023,ACC VDC SKIN CARE AD SMALL 2KG,Veterinária,1,5,0,2,04/09/2026,,1,,AP,MEIO
1023,ACC VDC SKIN CARE AD SMALL 2KG,Veterinária,1,5,0,2,26/10/2026,,1,,AP,MEIO
166,ACC VDC RENAL 2KG,Veterinária,1,5,0,3,15/07/2026,,1,,AP,MEIO
166,ACC VDC RENAL 2KG,Veterinária,1,5,0,3,01/09/2026,,1,,AP,MEIO
166,ACC VDC RENAL 2KG,Veterinária,1,5,0,3,10/10/2026,,1,,AP,MEIO
155,ACC VDC HYPOALLERGENIC 2KG,Veterinária,1,5,0,4,03/08/2026,,1,,AP,MEIO
155,ACC VDC HYPOALLERGENIC 2KG,Veterinária,1,5,0,4,04/08/2026,,1,,AP,MEIO
155,ACC VDC HYPOALLERGENIC 2KG,Veterinária,1,5,0,4,08/11/2026,,1,,AP,MEIO
1576,ACC VDC HYPOALLERGENIC MOD CALORIE 2KG,Veterinária,1,5,2,1,05/11/2026,1,1,,AE,INTEIRO
168,ACC VDC HEPATIC 2KG,Veterinária,1,5,2,2,12/11/2026,1,1,,AE,INTEIRO
622,ACC FHN HAIRBALL CARE 1 5KG,Alimentação,1,6,0,1,03/09/2026,,1,,AP,MEIO
622,ACC FHN HAIRBALL CARE 1 5KG,Alimentação,1,6,0,1,15/10/2026,,1,,AP,MEIO
596,ACC FBN PERSIAN 1 5KG,Alimentação,1,6,0,2,16/09/2026,,1,,AP,MEIO
596,ACC FBN PERSIAN 1 5KG,Alimentação,1,6,0,2,09/10/2026,,1,,AP,MEIO
596,ACC FBN PERSIAN 1 5KG,Alimentação,1,6,0,2,22/11/2026,,1,,AP,MEIO
670,ACC FBN KITTEN PERSIAN 32 1 5KG,Alimentação,1,6,0,3,12/08/2026,,1,,AP,TERCO
771,ACC FHN INDOOR 7 1 5KG,Alimentação,1,6,0,4,15/10/2026,,1,,AP,TERCO
620,ACC FHN FIT 1 5KG,Alimentação,1,6,0,5,11/09/2026,,1,,AP,TERCO
620,ACC FHN FIT 1 5KG,Alimentação,1,6,0,5,11/10/2026,,1,,AP,TERCO
620,ACC FHN FIT 1 5KG,Alimentação,1,6,0,5,26/10/2026,,1,,AP,TERCO
592,ACC FHN MOTHER BABY 1 5KG,Alimentação,1,6,0,6,08/08/2026,,1,,AP,TERCO
523,ACC FHN STERILISED 1 5KG,Alimentação,1,6,2,1,29/10/2026,1,1,,AE,INTEIRO
752,ACC VDF GASTRO INTESTINAL 1 5KG,Veterinária,1,6,2,2,23/11/2026,1,1,,AE,INTEIRO
1576,ACC VDC HYPOALLERGENIC MOD CALORIE 2KG,Veterinária,1,7,0,1,01/08/2026,,1,,AP,MEIO
1576,ACC VDC HYPOALLERGENIC MOD CALORIE 2KG,Veterinária,1,7,0,1,05/11/2026,,1,,AP,MEIO
157,ACC VDC GASTRO INTESTINAL 2KG,Veterinária,1,7,0,2,27/08/2026,,1,,AP,MEIO
157,ACC VDC GASTRO INTESTINAL 2KG,Veterinária,1,7,0,2,07/09/2026,,1,,AP,MEIO
1669,ACC VDC RENAL SMALL 2KG,Veterinária,1,7,0,3,15/09/2026,,1,,AP,MEIO
1669,ACC VDC RENAL SMALL 2KG,Veterinária,1,7,0,3,10/10/2026,,1,,AP,MEIO
1669,ACC VDC RENAL SMALL 2KG,Veterinária,1,7,0,3,20/11/2026,,1,,AP,MEIO
1153,ACC VDC GASTRO INTESTINAL PUPPY 2KG,Veterinária,1,7,0,4,03/09/2026,,1,,AP,MEIO
1153,ACC VDC GASTRO INTESTINAL PUPPY 2KG,Veterinária,1,7,0,4,15/11/2026,,1,,AP,MEIO
618,ACC VDC GASTRO INTESTINAL LOW FAT 1 5KG,Veterinária,1,7,2,1,25/10/2026,1,1,,AE,INTEIRO
1296,ACC VDC SATIETY SMALL DOG 1 5KG,Veterinária,1,7,2,2,17/09/2026,1,1,,AE,INTEIRO
184,ACC VDF URINARY S O 1 5KG,Veterinária,1,8,0,1,12/08/2026,,1,,AP,MEIO
184,ACC VDF URINARY S O 1 5KG,Veterinária,1,8,0,1,24/10/2026,,1,,AP,MEIO
1300,ACC FCN DIGESTIVE CARE 1 5KG,Alimentação,1,8,0,2,14/08/2026,,1,,AP,MEIO
1300,ACC FCN DIGESTIVE CARE 1 5KG,Alimentação,1,8,0,2,14/10/2026,,1,,AP,MEIO
1300,ACC FCN DIGESTIVE CARE 1 5KG,Alimentação,1,8,0,2,22/11/2026,,1,,AP,MEIO
1300,ACC FCN DIGESTIVE CARE 1 5KG,Alimentação,1,8,0,2,14/11/2026,,1,,AP,MEIO
621,ACC FHN HAIR SKIN CARE 1 5KG,Alimentação,1,8,0,3,25/08/2026,,1,,AP,TERCO
704,ACC FCN APPETITE CONTROL 1 5KG,Alimentação,1,8,0,4,10/01/2026,,1,,AP,TERCO
704,ACC FCN APPETITE CONTROL 1 5KG,Alimentação,1,8,0,4,01/02/2026,,1,,AP,TERCO
1298,ACC VDF SATIETY 1 5KG,Veterinária,1,8,0,5,09/09/2026,,1,,AP,MEIO
1298,ACC VDF SATIETY 1 5KG,Veterinária,1,8,0,5,23/10/2026,,1,,AP,MEIO
1298,ACC VDF SATIETY 1 5KG,Veterinária,1,8,0,5,16/11/2026,,1,,AP,MEIO
523,ACC FHN STERILISED 1 5KG,Alimentação,1,8,2,1,28/11/2026,1,1,,AE,INTEIRO
177,ACC VDF HYPOALLERGENIC 1 5KG,Veterinária,1,8,2,2,11/11/2026,1,1,,AE,INTEIRO
168,ACC VDC HEPATIC 2KG,Veterinária,1,9,0,1,30/03/2026,,1,,AP,MEIO
168,ACC VDC HEPATIC 2KG,Veterinária,1,9,0,1,06/08/2026,,1,,AP,MEIO
162,ACC VDC URINARY S O 2KG,Veterinária,1,9,0,2,01/09/2026,,1,,AP,MEIO
162,ACC VDC URINARY S O 2KG,Veterinária,1,9,0,2,14/10/2026,,1,,AP,MEIO
162,ACC VDC URINARY S O 2KG,Veterinária,1,9,0,2,20/11/2026,,1,,AP,MEIO
1451,ACC VDC RENAL SPECIAL 2KG,Veterinária,1,9,0,3,26/07/2026,,1,,AP,MEIO
1451,ACC VDC RENAL SPECIAL 2KG,Veterinária,1,9,0,3,22/10/2026,,1,,AP,MEIO
164,ACC VDC CARDIAC 2KG,Veterinária,1,9,0,4,16/09/2026,,1,,AP,TERCO
1154,ACC VDC GASTRO INTESTINAL HIGH FIBRE 2KG,Veterinária,1,9,0,5,04/09/2026,,1,,AP,TERCO
1154,ACC VDC GASTRO INTESTINAL HIGH FIBRE 2KG,Veterinária,1,9,0,5,16/10/2026,,1,,AP,TERCO
1157,ACC VDC GASTRO INTESTINAL MOD CALORIE 2K,Veterinária,1,9,0,6,20/08/2026,,1,,AP,MEIO
618,ACC VDC GASTRO INTESTINAL LOW FAT 1 5KG,Veterinária,1,9,2,2,16/08/2026,1,1,,AE,INTEIRO
752,ACC VDF GASTRO INTESTINAL 1 5KG,Veterinária,1,10,0,1,14/09/2026,,1,,AP,TERCO
752,ACC VDF GASTRO INTESTINAL 1 5KG,Veterinária,1,10,0,1,23/10/2026,,1,,AP,TERCO
177,ACC VDF HYPOALLERGENIC 1 5KG,Veterinária,1,10,0,2,09/07/2026,,1,,AP,TERCO
186,ACC VDF RENAL 1 5KG,Veterinária,1,10,0,3,22/07/2026,,1,,AP,MEIO
186,ACC VDF RENAL 1 5KG,Veterinária,1,10,0,3,05/09/2026,,1,,AP,MEIO
186,ACC VDF RENAL 1 5KG,Veterinária,1,10,0,3,17/09/2026,,1,,AP,MEIO
1707,ACC VDF GI HYDROL PROT 1 5KG,Veterinária,1,10,0,4,06/11/2026,,1,,AP,MEIO
13,ACC VDF HEPATIC FELINE 1 5KG,Veterinária,1,10,0,5,06/08/2026,,1,,AP,TERCO
13,ACC VDF HEPATIC FELINE 1 5KG,Veterinária,1,10,0,5,21/10/2026,,1,,AP,TERCO
884,ACC VDF GI FIBRE RESPONSE 1 5KG,Veterinária,1,10,0,6,22/10/2026,,1,,AP,TERCO
188,ACC VDF DIABETIC 1 5KG,Veterinária,1,10,0,7,14/08/2026,,1,,AP,TERCO
874,ACC VDF RENAL SPECIAL 1 5KG,Veterinária,1,10,0,8,20/09/2026,,1,,AP,TERCO
874,ACC VDF RENAL SPECIAL 1 5KG,Veterinária,1,10,0,8,07/10/2026,,1,,AP,TERCO
177,ACC VDF HYPOALLERGENIC 1 5KG,Veterinária,1,10,2,1,09/07/2026,1,1,,AE,INTEIRO
884,ACC VDF GI FIBRE RESPONSE 1 5KG,Veterinária,1,10,2,2,14/08/2026,1,1,,AE,INTEIRO
1673,ACC SHN MAXI PUPPY JR 4KG,Geral,2,1,0,1,27/08/2026,,1,,AP,TERCO
1661,ACC VHN ANALLERGENIC CANINE 4KG,Geral,2,1,0,2,23/12/2025,,1,,AP,TERCO
1661,ACC VHN ANALLERGENIC CANINE 4KG,Geral,2,1,0,2,23/09/2025,,1,,AP,TERCO
1578,ACC VDF HYPOALLERGENIC 4KG,Veterinária,2,1,0,3,08/04/2026,,1,,AP,MEIO
1578,ACC VDF HYPOALLERGENIC 4KG,Veterinária,2,1,0,3,09/07/2026,,1,,AP,MEIO
1331,ACC SBN MALTES AD 2 5KG,Geral,2,1,0,4,10/08/2026,,1,,AP,MEIO
1331,ACC SBN MALTES AD 2 5KG,Geral,2,1,0,4,13/09/2026,,1,,AP,MEIO
1630,ACC CCN MINI DIGEST CARE 2 5KG,Cuidados,2,1,0,5,10/07/2026,,1,,AP,MEIO
1630,ACC CCN MINI DIGEST CARE 2 5KG,Cuidados,2,1,0,5,09/08/2026,,1,,AP,MEIO
1715,ACC VDC G. I. LOW FAT SMALL DOG 1 5KG,Veterinária,2,1,2,1,25/10/2026,2,1,,AE,INTEIRO
1296,ACC VDC SATIETY SMALL DOG 1 5KG,Veterinária,2,1,2,2,16/10/2026,2,1,,AE,INTEIRO
1347,ACC SHN MINI INDOOR PUPPY JR 2 5K,Geral,2,2,0,1,19/08/2026,,1,,AP,MEIO
1358,ACC SHN MINI INDOOR ADULT 2 5KG,Geral,2,2,0,2,30/08/2026,,1,,AP,MEIO
1355,ACC SBN BULLDOG FRANCES PUPPY 2 5KG,Geral,2,2,0,3,01/02/2026,,1,,AP,MEIO
1339,ACC SHN X-SMALL AD 8 2 5KG,Geral,2,2,0,4,31/08/2026,,1,,AP,MEIO
1358,ACC SHN MINI INDOOR ADULT 2 5KG,Geral,2,2,2,1,19/09/2026,2,1,,AE,INTEIRO
1329,ACC SBN SHIH TZU AD 2 5KG,Geral,2,2,2,2,12/10/2026,2,1,,AE,INTEIRO
1579,ACC VDF SATIETY 4KG,Veterinária,2,3,0,1,02/09/2026,,1,,AP,MEIO
1579,ACC VDF SATIETY 4KG,Veterinária,2,3,0,1,06/09/2026,,1,,AP,MEIO
1577,ACC VDF GASTRO INTESTINAL 4KG,Veterinária,2,3,0,2,26/08/2026,,1,,AP,MEIO
1577,ACC VDF GASTRO INTESTINAL 4KG,Veterinária,2,3,0,2,20/09/2026,,1,,AP,MEIO
1577,ACC VDF GASTRO INTESTINAL 4KG,Veterinária,2,3,0,2,23/10/2026,,1,,AP,MEIO
46,ACC SBN YORKSHIRE AD 8 2 5KG,Geral,2,3,0,3,22/04/2026,,1,,AP,TERCO
1341,ACC SBN YORKSHIRE PUPPY 2 5KG,Geral,2,3,0,4,29/05/2026,,1,,AP,TERCO
1341,ACC SBN YORKSHIRE PUPPY 2 5KG,Geral,2,3,0,4,19/07/2026,,1,,AP,TERCO
1350,ACC SBN BULLDOG FRANCES AD 2 5KG,Geral,2,3,0,5,13/10/2026,,1,,AP,MEIO
1350,ACC SBN BULLDOG FRANCES AD 2 5KG,Geral,2,3,0,5,27/10/2026,,1,,AP,MEIO
1579,ACC VDF SATIETY 4KG,Veterinária,2,3,2,1,23/10/2026,2,1,,AE,INTEIRO
1329,ACC SBN SHIH TZU AD 2 5KG,Geral,2,3,2,2,12/10/2026,2,1,,AE,INTEIRO
1329,ACC SBN SHIH TZU AD 2 5KG,Geral,2,4,0,1,08/08/2026,,1,,AP,MEIO
1329,ACC SBN SHIH TZU AD 2 5KG,Geral,2,4,0,1,06/09/2026,,1,,AP,MEIO
1485,ACC SHN MINI INDOOR SENIOR 2 5 KG,Geral,2,4,0,2,18/08/2026,,1,,AP,MEIO
1485,ACC SHN MINI INDOOR SENIOR 2 5 KG,Geral,2,4,0,2,10/09/2026,,1,,AP,MEIO
1334,ACC SHN MINI ADULT 8 2 5KG,Geral,2,4,0,3,03/09/2026,,1,,AP,MEIO
1334,ACC SHN MINI ADULT 8 2 5KG,Geral,2,4,0,3,12/10/2026,,1,,AP,MEIO
1336,ACC SHN MINI PUPPY JR 2 5KG,Geral,2,4,0,4,12/09/2026,,1,,AP,MEIO
1485,ACC SHN MINI INDOOR SENIOR 2 5 KG,Geral,2,4,2,1,10/10/2026,2,1,,AE,INTEIRO
1358,ACC SHN MINI INDOOR ADULT 2 5KG,Geral,2,4,2,2,21/10/2026,2,1,,AE,INTEIRO
1581,ACC VDF URINARY S O 4KG,Veterinária,2,5,0,1,26/08/2026,,1,,AP,TERCO
1623,ACC VDF RENAL SPECIAL 4KG,Veterinária,2,5,0,2,20/09/2026,,1,,AP,TERCO
1622,ACC VDF RENAL 4KG,Veterinária,2,5,0,3,17/09/2026,,1,,AP,TERCO
1622,ACC VDF RENAL 4KG,Veterinária,2,5,0,3,31/10/2026,,1,,AP,TERCO
1453,ACC FHN KITTEN 4KG,Alimentação,2,5,0,4,28/10/2026,,1,,AP,TERCO
1344,ACC SBN PUG AD 2 5KG,Geral,2,5,0,5,16/07/2026,,1,,AP,MEIO
1340,ACC SHN MEDIUM ADULT 2 5KG,Geral,2,5,0,6,22/10/2026,,1,,AP,MEIO
1020,ACC VDC HYPOALLERGENIC SMALL 2KG,Veterinária,2,5,2,1,06/08/2026,2,1,,AE,INTEIRO
1577,ACC VDF GASTRO INTESTINAL 4KG,Veterinária,2,5,2,2,23/10/2026,2,1,,AE,INTEIRO
1343,ACC SBN YORKSHIRE AD 2 5KG,Geral,2,6,0,1,21/07/2026,,1,,AP,MEIO
1343,ACC SBN YORKSHIRE AD 2 5KG,Geral,2,6,0,1,10/09/2026,,1,,AP,MEIO
1343,ACC SBN YORKSHIRE AD 2 5KG,Geral,2,6,0,1,12/10/2026,,1,,AP,MEIO
1337,ACC SHN X-SMALL AD 2 5KG,Geral,2,6,0,2,22/07/2026,,1,,AP,MEIO
1346,ACC SBN SHIH TZU PUPPY 2 5KG,Geral,2,6,0,3,27/03/2026,,1,,AP,MEIO
1346,ACC SBN SHIH TZU PUPPY 2 5KG,Geral,2,6,0,3,11/06/2026,,1,,AP,MEIO
1346,ACC SBN SHIH TZU PUPPY 2 5KG,Geral,2,6,0,3,16/09/2026,,1,,AP,MEIO
1354,ACC SHN X-SMALL PUPPY JR 2 5 K,Geral,2,6,0,4,14/09/2026,,1,,AP,MEIO
1354,ACC SHN X-SMALL PUPPY JR 2 5 K,Geral,2,6,0,4,25/10/2026,,1,,AP,MEIO
1337,ACC SHN X-SMALL AD 2 5KG,Geral,2,6,2,1,25/10/2026,2,1,,AE,INTEIRO
618,ACC VDC GASTRO INTESTINAL LOW FAT 1 5KG,Veterinária,2,6,2,2,25/10/2026,2,1,,AE,INTEIRO
1455,ACC FHN STERILISED 37 4KG,Alimentação,2,7,0,1,17/08/2026,,1,,AP,MEIO
1455,ACC FHN STERILISED 37 4KG,Alimentação,2,7,0,1,11/10/2026,,1,,AP,MEIO
1455,ACC FHN STERILISED 37 4KG,Alimentação,2,7,0,1,14/11/2026,,1,,AP,MEIO
1561,ACC FHN STERILISED 7 4KG,Alimentação,2,7,0,2,02/09/2026,,1,,AP,MEIO
1561,ACC FHN STERILISED 7 4KG,Alimentação,2,7,0,2,11/10/2026,,1,,AP,MEIO
1620,ACC SHN MINI RELAX CARE 2 5 KG,Cuidados,2,7,0,3,26/07/2025,,1,,AP,TERCO
1361,ACC SHN MEDIUM PUPPY JR 2 5KG,Geral,2,7,0,4,20/07/2026,,1,,AP,TERCO
1361,ACC SHN MEDIUM PUPPY JR 2 5KG,Geral,2,7,0,4,31/08/2026,,1,,AP,TERCO
1352,ACC SBN DACHSHUND AD 2 5KG,Geral,2,7,0,5,23/07/2026,,1,,AP,TERCO
1352,ACC SBN DACHSHUND AD 2 5KG,Geral,2,7,0,5,18/09/2026,,1,,AP,TERCO
1470,ACC SBN PUG PUPPY 2 5KG,Geral,2,7,0,6,11/09/2025,,1,,AP,TERCO
1470,ACC SBN PUG PUPPY 2 5KG,Geral,2,7,0,6,07/02/2026,,1,,AP,TERCO
618,ACC VDC GASTRO INTESTINAL LOW FAT 1 5KG,Veterinária,2,7,2,1,10/08/2026,2,1,,AE,INTEIRO
1358,ACC SHN MINI INDOOR ADULT 2 5KG,Geral,2,7,2,2,30/08/2026,2,1,,AE,INTEIRO
1359,ACC SHN MINI ADULT 2 5KG,Geral,2,8,0,1,18/09/2026,,1,,AP,MEIO
1328,ACC SHN MINI LIGHT 2 5KG,Geral,2,8,0,2,28/08/2026,,1,,AP,MEIO
1328,ACC SHN MINI LIGHT 2 5KG,Geral,2,8,0,2,09/10/2026,,1,,AP,MEIO
1328,ACC SHN MINI LIGHT 2 5KG,Geral,2,8,0,2,27/10/2026,,1,,AP,MEIO
1348,ACC SBN POODLE AD 2 5KG,Geral,2,8,0,3,25/02/2026,,1,,AP,TERCO
1348,ACC SBN POODLE AD 2 5KG,Geral,2,8,0,3,08/06/2026,,1,,AP,TERCO
1360,ACC SBN DACHSHUND PUPPY 2 5KG,Geral,2,8,0,4,08/10/2025,,1,,AP,TERCO
1345,ACC SBN SCHNAUZER AD 2 5KG,Geral,2,8,0,6,10/06/2026,,1,,AP,TERCO
1345,ACC SBN SCHNAUZER AD 2 5KG,Geral,2,8,0,6,25/07/2026,,1,,AP,TERCO
1296,ACC VDC SATIETY SMALL DOG 1 5KG,Veterinária,2,8,2,1,31/08/2026,2,1,,AE,INTEIRO
1020,ACC VDC HYPOALLERGENIC SMALL 2KG,Veterinária,2,8,2,2,14/04/2026,2,1,,AE,INTEIRO
1454,ACC FHN EXIGENT 4KG,Alimentação,2,9,0,1,15/08/2026,,1,,AP,MEIO
1454,ACC FHN EXIGENT 4KG,Alimentação,2,9,0,1,14/09/2026,,1,,AP,MEIO
1541,ACC FHN KITTEN STERILISED 4 0KG,Alimentação,2,9,0,2,10/02/2026,,1,,AP,TERCO
1541,ACC FHN KITTEN STERILISED 4 0KG,Alimentação,2,9,0,2,25/03/2026,,1,,AP,TERCO
1456,ACC FHN SENSIBLE 33 4KG,Alimentação,2,9,0,3,31/08/2026,,1,,AP,TERCO
1619,ACC SHN MINI COAT CARE 2 5 KG,Cuidados,2,9,0,4,23/07/2026,,1,,AP,TERCO
1619,ACC SHN MINI COAT CARE 2 5 KG,Cuidados,2,9,0,4,19/09/2026,,1,,AP,TERCO
1689,ACC FCN DIGESTIVE CARE 3KG,Alimentação,2,9,0,6,14/08/2026,,1,,AP,TERCO
1689,ACC FCN DIGESTIVE CARE 3KG,Alimentação,2,9,0,6,31/08/2026,,1,,AP,TERCO
1690,ACC FHN HAIR SKIN CARE 3KG,Alimentação,2,9,0,7,25/08/2026,,1,,AP,TERCO
1347,ACC SHN MINI INDOOR PUPPY JR 2 5K,Geral,2,9,2,1,08/10/2026,2,1,,AE,INTEIRO
1527,ACC SBN POMERANIAN ADULT 2 5KG,Geral,2,9,2,2,10/10/2026,2,1,,AE,INTEIRO
1353,ACC SHN MINI DERMACOMFORT 2 5KG,Geral,2,10,0,1,01/09/2026,,1,,AP,MEIO
1353,ACC SHN MINI DERMACOMFORT 2 5KG,Geral,2,10,0,1,13/10/2026,,1,,AP,MEIO
1527,ACC SBN POMERANIAN ADULT 2 5KG,Geral,2,10,0,2,10/08/2026,,1,,AP,MEIO
1351,ACC SHN MINI AGEING 12 2 5KG,Geral,2,10,0,3,20/10/2026,,1,,AP,MEIO
1674,ACC SBN GOLDEN PUPPY 3KG,Geral,2,10,0,4,16/05/2026,,1,,AP,TERCO
1674,ACC SBN GOLDEN PUPPY 3KG,Geral,2,10,0,4,08/08/2025,,1,,AP,TERCO
1461,ACC SHN MEDIUM DERMACOMFORT 2 5 KG,Geral,2,10,0,5,10/08/2026,,1,,AP,TERCO
1461,ACC SHN MEDIUM DERMACOMFORT 2 5 KG,Geral,2,10,0,5,16/10/2026,,1,,AP,TERCO
1358,ACC SHN MINI INDOOR ADULT 2 5KG,Geral,2,10,2,1,09/10/2026,2,1,,AE,INTEIRO
1359,ACC SHN MINI ADULT 2 5KG,Geral,2,10,2,2,07/10/2026,2,1,,AE,INTEIRO
1359,ACC SHN MINI ADULT 2 5KG,Geral,2,10,2,2,14/10/2026,2,1,,AE,INTEIRO
1359,ACC SHN MINI ADULT 2 5KG,Geral,2,10,2,2,31/10/2026,2,1,,AE,INTEIRO
1562,ACC FHN MOTHER BABY 4 0KG,Alimentação,2,11,0,1,14/09/2026,,1,,AP,TERCO
1468,ACC FBN MAINE COON 31 4KG,Alimentação,2,11,0,2,11/08/2026,,1,,AP,TERCO
1468,ACC FBN MAINE COON 31 4KG,Alimentação,2,11,0,2,02/11/2026,,1,,AP,TERCO
1677,ACC FHN STERILISED 12 4KG,Alimentação,2,11,0,3,28/08/2026,,1,,AP,MEIO
1677,ACC FHN STERILISED 12 4KG,Alimentação,2,11,0,3,21/09/2026,,1,,AP,MEIO
1677,ACC FHN STERILISED 12 4KG,Alimentação,2,11,0,3,15/10/2026,,1,,AP,MEIO
1668,ACC VDF ANALLERGENIC FELINE 2 5KG,Veterinária,2,11,0,5,08/07/2026,,1,,AP,TERCO
1693,ACC FCN APPETITE CONTROL 3KG,Alimentação,2,11,0,6,15/07/2026,,1,,AP,TERCO
1691,ACC FHN HAIRBALL CARE 3KG,Alimentação,2,11,0,7,03/09/2026,,1,,AP,TERCO
1691,ACC FHN HAIRBALL CARE 3KG,Alimentação,2,11,0,7,03/09/2026,,1,,AP,TERCO
1691,ACC FHN HAIRBALL CARE 3KG,Alimentação,2,11,0,7,16/11/2026,,1,,AP,TERCO
1020,ACC VDC HYPOALLERGENIC SMALL 2KG,Veterinária,2,11,2,1,06/08/2026,2,1,,AE,INTEIRO
1296,ACC VDC SATIETY SMALL DOG 1 5KG,Veterinária,2,11,2,2,09/10/2026,2,1,,AE,INTEIRO
24,ACC SHN MINI INDOOR ADULT 7 5KG,Geral,3,1,0,1,14/12/2026,,1,,AP,MEIO
6,ACC SHN MINI ADULT 7 5KG,Geral,3,1,0,2,22/03/2026,,1,,AP,MEIO
6,ACC SHN MINI ADULT 7 5KG,Geral,3,1,0,2,08/04/2026,,1,,AP,MEIO
1629,ACC CCN MINI DIGEST CARE 7 5KG,Cuidados,3,1,0,3,20/11/2025,,1,,AP,MEIO
1629,ACC CCN MINI DIGEST CARE 7 5KG,Cuidados,3,1,0,3,08/02/2026,,1,,AP,MEIO
3,ACC SHN MINI PUPPY JR 7 5KG,Geral,3,1,0,4,22/09/2025,,1,,AP,MEIO
3,ACC SHN MINI PUPPY JR 7 5KG,Geral,3,1,0,4,14/03/2026,,1,,AP,MEIO
24,ACC SHN MINI INDOOR ADULT 7 5KG,Geral,3,1,2,1,11/04/2026,3,1,,AE,INTEIRO
24,ACC SHN MINI INDOOR ADULT 7 5KG,Geral,3,1,2,2,11/04/2026,3,1,,AE,INTEIRO
682,ACC VDC SATIETY SUP 10 1KG,Veterinária,3,2,0,1,09/03/2026,,1,,AP,MEIO
599,ACC VDC GASTRO INTESTINAL LOW FAT10 1KG,Veterinária,3,2,0,2,07/03/2026,,1,,AP,MEIO
156,ACC VDC HYPOALLERGENIC 10.1KG,Veterinária,3,2,1,1,03/04/2026,3,1,,AE,INTEIRO
599,ACC VDC GASTRO INTESTINAL LOW FAT10 1KG,Veterinária,3,2,2,2,26/04/2026,3,1,,AE,INTEIRO
1495,ACC SHN MINI INDOOR SENIOR 7 5 KG,Geral,3,3,0,1,12/03/2026,,1,,AP,MEIO
1495,ACC SHN MINI INDOOR SENIOR 7 5 KG,Geral,3,3,0,1,11/04/2026,,1,,AP,MEIO
21,ACC SHN MINI INDOOR PUPPY JR 7 5K,Geral,3,3,0,2,20/08/2025,,1,,AP,MEIO
21,ACC SHN MINI INDOOR PUPPY JR 7 5K,Geral,3,3,0,2,06/12/2025,,1,,AP,MEIO
21,ACC SHN MINI INDOOR PUPPY JR 7 5K,Geral,3,3,0,2,18/02/2026,,1,,AP,MEIO
53,ACC SBN DACHSHUND AD 7 5KG,Geral,3,3,0,3,28/08/2025,,1,,AP,MEIO
666,ACC SBN PUG AD 7 5KG,Geral,3,3,0,4,23/11/2025,,1,,AP,MEIO
666,ACC SBN PUG AD 7 5KG,Geral,3,3,0,4,24/01/2026,,1,,AP,MEIO
24,ACC SHN MINI INDOOR ADULT 7 5KG,Geral,3,3,2,2,11/04/2026,3,1,,AE,INTEIRO
1575,ACC VDC HYPOALLERGENIC MOD CALORIE 10 1K,Veterinária,3,4,0,1,14/10/2026,,1,,AP,MEIO
158,ACC VDC GASTRO INTESTINAL 10 1KG,Veterinária,3,4,0,2,18/02/2026,,1,,AP,MEIO
158,ACC VDC GASTRO INTESTINAL 10 1KG,Veterinária,3,4,0,2,15/03/2026,,1,,AP,MEIO
158,ACC VDC GASTRO INTESTINAL 10 1KG,Veterinária,3,4,0,2,09/04/2026,,1,,AP,MEIO
156,ACC VDC HYPOALLERGENIC 10.1KG,Veterinária,3,4,1,1,04/04/2026,3,1,,AE,INTEIRO
158,ACC VDC GASTRO INTESTINAL 10 1KG,Veterinária,3,4,1,2,09/04/2026,3,1,,AE,INTEIRO
158,ACC VDC GASTRO INTESTINAL 10 1KG,Veterinária,3,4,1,2,28/04/2026,3,1,,AE,INTEIRO
682,ACC VDC SATIETY SUP 10 1KG,Veterinária,3,4,2,1,22/03/2026,3,1,,AE,INTEIRO
599,ACC VDC GASTRO INTESTINAL LOW FAT10 1KG,Veterinária,3,4,2,2,13/06/2026,3,1,,AE,INTEIRO
892,ACC SHN MINI ADULT 8 7 5KG,Geral,3,5,0,1,17/03/2026,,1,,AP,MEIO
892,ACC SHN MINI ADULT 8 7 5KG,Geral,3,5,0,1,14/04/2026,,1,,AP,MEIO
12,ACC SHN MINI LIGHT 7 5KG,Geral,3,5,0,2,28/09/2025,,1,,AP,MEIO
12,ACC SHN MINI LIGHT 7 5KG,Geral,3,5,0,2,14/01/2026,,1,,AP,MEIO
12,ACC SHN MINI LIGHT 7 5KG,Geral,3,5,0,2,10/04/2026,,1,,AP,MEIO
60,ACC SBN SCHNAUZER AD 7 5KG,Geral,3,5,0,3,10/12/2025,,1,,AP,MEIO
60,ACC SBN SCHNAUZER AD 7 5KG,Geral,3,5,0,3,24/01/2026,,1,,AP,MEIO
1526,ACC SBN POMERANIAN ADULT 7 5KG,Geral,3,5,0,4,09/02/2026,,1,,AP,MEIO
1526,ACC SBN POMERANIAN ADULT 7 5KG,Geral,3,5,0,4,11/04/2026,,1,,AP,MEIO
1297,ACC VDC SATIETY SMALL DOG 7 5KG,Veterinária,3,5,2,1,19/03/2026,3,1,,AE,INTEIRO
21,ACC SHN MINI INDOOR PUPPY JR 7 5K,Geral,3,5,2,2,09/04/2026,3,1,,AE,INTEIRO
1117,ACC VDC DIABETIC 10 1KG,Veterinária,3,6,0,1,28/02/2026,,1,,AP,MEIO
1117,ACC VDC DIABETIC 10 1KG,Veterinária,3,6,0,1,15/05/2026,,1,,AP,MEIO
156,ACC VDC HYPOALLERGENIC 10.1KG,Veterinária,3,6,0,2,14/10/2025,,1,,AP,MEIO
156,ACC VDC HYPOALLERGENIC 10.1KG,Veterinária,3,6,0,2,03/04/2026,,1,,AP,MEIO
1495,ACC SHN MINI INDOOR SENIOR 7 5 KG,Geral,3,6,1,1,11/04/2026,3,1,,AE,INTEIRO
1313,ACC CAT PREM AD CASTRADO 10 1KG,Geral,3,6,1,2,09/01/2026,3,1,,AE,INTEIRO
1313,ACC CAT PREM AD CASTRADO 10 1KG,Geral,3,6,1,2,25/02/2026,3,1,,AE,INTEIRO
682,ACC VDC SATIETY SUP 10 1KG,Veterinária,3,6,2,1,25/04/2026,3,1,,AE,INTEIRO
682,ACC VDC SATIETY SUP 10 1KG,Veterinária,3,6,2,2,18/03/2026,3,1,,AE,INTEIRO
47,ACC SBN YORKSHIRE AD 7 5KG,Geral,3,7,0,1,06/02/2026,,1,,AP,MEIO
47,ACC SBN YORKSHIRE AD 7 5KG,Geral,3,7,0,1,01/03/2026,,1,,AP,MEIO
47,ACC SBN YORKSHIRE AD 7 5KG,Geral,3,7,0,1,12/03/2026,,1,,AP,MEIO
57,ACC SBN SHIH TZU AD 7 5KG,Geral,3,7,0,2,21/01/2026,,1,,AP,MEIO
57,ACC SBN SHIH TZU AD 7 5KG,Geral,3,7,0,2,07/02/2026,,1,,AP,MEIO
57,ACC SBN SHIH TZU AD 7 5KG,Geral,3,7,0,2,08/03/2026,,1,,AP,MEIO
57,ACC SBN SHIH TZU AD 7 5KG,Geral,3,7,0,2,13/04/2026,,1,,AP,MEIO
1287,ACC SHN MINI DERMACOMFORT 7 5KG,Geral,3,7,0,3,03/03/2026,,1,,AP,MEIO
1287,ACC SHN MINI DERMACOMFORT 7 5KG,Geral,3,7,0,3,15/04/2026,,1,,AP,MEIO
6,ACC SHN MINI ADULT 7 5KG,Geral,3,7,2,1,15/04/2026,3,1,,AE,INTEIRO
1297,ACC VDC SATIETY SMALL DOG 7 5KG,Veterinária,3,7,2,2,17/04/2026,3,1,,AE,INTEIRO
163,ACC VDC URINARY S O 10 1KG,Veterinária,3,8,0,1,10/01/2026,,1,,AP,MEIO
163,ACC VDC URINARY S O 10 1KG,Veterinária,3,8,0,1,15/04/2026,,1,,AP,MEIO
169,ACC VDC HEPATIC 10 1KG,Veterinária,3,8,0,2,29/09/2025,,1,,AP,MEIO
169,ACC VDC HEPATIC 10 1KG,Veterinária,3,8,0,2,05/02/2026,,1,,AP,MEIO
1542,ACC FHN EXIGENT 10.1KG,Alimentação,3,8,1,1,24/04/2026,3,1,,AE,INTEIRO
1117,ACC VDC DIABETIC 10 1KG,Veterinária,3,8,1,2,28/02/2026,3,1,,AE,INTEIRO
599,ACC VDC GASTRO INTESTINAL LOW FAT10 1KG,Veterinária,3,8,2,1,15/04/2026,3,1,,AE,INTEIRO
683,ACC SBN BULLDOG FRANCES AD 7 5KG,Geral,3,9,0,1,15/01/2026,,1,,AP,MEIO
683,ACC SBN BULLDOG FRANCES AD 7 5KG,Geral,3,9,0,1,09/02/2026,,1,,AP,MEIO
683,ACC SBN BULLDOG FRANCES AD 7 5KG,Geral,3,9,0,1,05/03/2026,,1,,AP,MEIO
1716,ACC VDC G. I. LOW FAT SMALL DOG 7 5KG,Veterinária,3,9,0,2,14/04/2026,,1,,AP,MEIO
24,ACC SHN MINI INDOOR ADULT 7 5KG,Geral,3,9,1,1,17/02/2026,3,1,,AE,INTEIRO
1297,ACC VDC SATIETY SMALL DOG 7 5KG,Veterinária,3,9,2,1,17/04/2026,3,1,,AE,INTEIRO
1297,ACC VDC SATIETY SMALL DOG 7 5KG,Veterinária,3,9,2,2,17/04/2026,3,1,,AE,INTEIRO
1580,ACC VDF URINARY S O 10 1KG,Veterinária,3,10,0,1,25/02/2026,,1,,AP,MEIO
1580,ACC VDF URINARY S O 10 1KG,Veterinária,3,10,0,1,21/03/2026,,1,,AP,MEIO
167,ACC VDC RENAL 10 1KG,Veterinária,3,10,0,2,13/01/2026,,1,,AP,MEIO
167,ACC VDC RENAL 10 1KG,Veterinária,3,10,0,2,03/03/2026,,1,,AP,MEIO
1332,ACC VDC URINARY SMALL DOG 7 5KG,Veterinária,3,10,1,1,12/04/2026,3,1,,AE,INTEIRO
1332,ACC VDC URINARY SMALL DOG 7 5KG,Veterinária,3,10,1,1,02/05/2026,3,1,,AE,INTEIRO
163,ACC VDC URINARY S O 10 1KG,Veterinária,3,10,1,2,12/04/2026,3,1,,AE,INTEIRO
682,ACC VDC SATIETY SUP 10 1KG,Veterinária,3,10,2,1,13/04/2026,3,1,,AE,INTEIRO
1297,ACC VDC SATIETY SMALL DOG 7 5KG,Veterinária,3,11,0,1,02/03/2026,,1,,AP,MEIO
1021,ACC VDC HYPOALLERGENIC SMALL 7 5KG,Veterinária,3,11,0,2,03/02/2026,,1,,AP,MEIO
1024,ACC VDC SKIN CARE AD SMALL 7 5KG,Veterinária,3,11,0,3,11/01/2026,,1,,AP,MEIO
1024,ACC VDC SKIN CARE AD SMALL 7 5KG,Veterinária,3,11,0,3,11/02/2026,,1,,AP,MEIO
1452,ACC VDC RENAL SPECIAL 7 5 KG,Veterinária,3,11,0,4,12/12/2025,,1,,AP,MEIO
1452,ACC VDC RENAL SPECIAL 7 5 KG,Veterinária,3,11,0,4,19/02/2026,,1,,AP,MEIO
682,ACC VDC SATIETY SUP 10 1KG,Veterinária,3,11,2,1,25/04/2026,3,1,,AE,INTEIRO
1021,ACC VDC HYPOALLERGENIC SMALL 7 5KG,Veterinária,3,11,2,2,04/02/2026,3,1,,AE,INTEIRO
1542,ACC FHN EXIGENT 10.1KG,Alimentação,3,12,0,1,16/03/2026,,1,,AP,MEIO
1542,ACC FHN EXIGENT 10.1KG,Alimentação,3,12,0,1,21/03/2026,,1,,AP,MEIO
1542,ACC FHN EXIGENT 10.1KG,Alimentação,3,12,0,1,09/04/2026,,1,,AP,MEIO
1560,ACC FHN STERILISED 10 1KG,Alimentação,3,12,0,2,11/11/2025,,1,,AP,MEIO
1560,ACC FHN STERILISED 10 1KG,Alimentação,3,12,0,2,21/11/2025,,1,,AP,MEIO
1543,ACC FHN KITTEN 10 1KG,Alimentação,3,12,0,3,14/03/2026,,1,,AP,MEIO
1621,ACC VDF RENAL 10 1KG,Veterinária,3,12,0,4,21/01/2026,,1,,AP,MEIO
1621,ACC VDF RENAL 10 1KG,Veterinária,3,12,0,4,19/02/2026,,1,,AP,MEIO
1621,ACC VDF RENAL 10 1KG,Veterinária,3,12,0,4,07/03/2026,,1,,AP,MEIO
1621,ACC VDF RENAL 10 1KG,Veterinária,3,12,0,4,19/03/2026,,1,,AP,MEIO
599,ACC VDC GASTRO INTESTINAL LOW FAT10 1KG,Veterinária,3,12,2,1,26/04/2026,3,1,,AE,INTEIRO
682,ACC VDC SATIETY SUP 10 1KG,Veterinária,3,12,2,2,25/04/2026,3,1,,AE,INTEIRO
1332,ACC VDC URINARY SMALL DOG 7 5KG,Veterinária,3,13,0,1,15/02/2026,,1,,AP,MEIO
1332,ACC VDC URINARY SMALL DOG 7 5KG,Veterinária,3,13,0,1,07/03/2026,,1,,AP,MEIO
1332,ACC VDC URINARY SMALL DOG 7 5KG,Veterinária,3,13,0,1,20/03/2026,,1,,AP,MEIO
140,ACC FBN PERSIAN 30 7 5KG,Alimentação,3,13,0,2,18/03/2026,,1,,AP,MEIO
140,ACC FBN PERSIAN 30 7 5KG,Alimentação,3,13,0,2,10/04/2026,,1,,AP,MEIO
50,ACC SBN POODLE AD 7 5KG,Geral,3,13,0,3,14/04/2026,,1,,AP,MEIO
1670,ACC VDC RENAL SMALL 7 5KG,Veterinária,3,13,0,4,05/12/2025,,1,,AP,MEIO
1670,ACC VDC RENAL SMALL 7 5KG,Veterinária,3,13,0,4,25/01/2026,,1,,AP,MEIO
1297,ACC VDC SATIETY SMALL DOG 7 5KG,Veterinária,3,13,2,1,10/04/2026,3,1,,AE,INTEIRO
1716,ACC VDC G. I. LOW FAT SMALL DOG 7 5KG,Veterinária,3,13,2,2,26/04/2026,3,1,,AE,INTEIRO
1313,ACC CAT PREM AD CASTRADO 10 1KG,Geral,3,14,0,1,23/01/2026,,1,,AP,MEIO
1313,ACC CAT PREM AD CASTRADO 10 1KG,Geral,3,14,0,1,25/01/2026,,1,,AP,MEIO
1313,ACC CAT PREM AD CASTRADO 10 1KG,Geral,3,14,0,1,26/01/2026,,1,,AP,MEIO
1317,ACC CAT PREM AD BELEZA PL 10 1KG,Geral,3,14,0,2,10/12/2025,,1,,AP,MEIO
1317,ACC CAT PREM AD BELEZA PL 10 1KG,Geral,3,14,0,2,24/01/2026,,1,,AP,MEIO
1315,ACC CAT PREM FILHOTE 10 1KG,Geral,3,14,0,3,25/11/2025,,1,,AP,MEIO
1312,ACC CAT PREM AD VITALIDADE 10 1KG,Geral,3,14,0,4,23/01/2026,,1,,AP,MEIO
682,ACC VDC SATIETY SUP 10 1KG,Veterinária,3,14,2,2,25/04/2026,3,1,,AE,INTEIRO
120,ACC FHN SENSIBLE 7 5KG,Alimentação,3,15,0,1,15/11/2025,,1,,AP,MEIO
120,ACC FHN SENSIBLE 7 5KG,Alimentação,3,15,0,1,08/12/2025,,1,,AP,MEIO
120,ACC FHN SENSIBLE 7 5KG,Alimentação,3,15,0,1,23/03/2026,,1,,AP,MEIO
116,ACC FHN FIT 7 5KG,Alimentação,3,15,0,2,13/03/2026,,1,,AP,MEIO
116,ACC FHN FIT 7 5KG,Alimentação,3,15,0,2,17/04/2026,,1,,AP,MEIO
1155,ACC VDC GASTRO INTESTINAL MOD CALORIE 10,Veterinária,3,15,0,5,19/02/2026,,1,,AP,TERCO
136,ACC FHN LIGHT 7 5KG,Alimentação,3,15,0,6,15/11/2025,,1,,AP,MEIO
136,ACC FHN LIGHT 7 5KG,Alimentação,3,15,0,6,24/02/2026,,1,,AP,MEIO
136,ACC FHN LIGHT 7 5KG,Alimentação,3,15,0,6,23/03/2026,,1,,AP,MEIO
1021,ACC VDC HYPOALLERGENIC SMALL 7 5KG,Veterinária,3,15,2,1,03/02/2026,3,1,,AE,INTEIRO
1297,ACC VDC SATIETY SMALL DOG 7 5KG,Veterinária,3,15,2,2,17/04/2026,3,1,,AE,INTEIRO
997,ACC SHN MEDIUM DERMACOMFORT 10 1KG,Geral,4,1,0,1,17/04/2026,,1,,AP,MEIO
998,ACC SHN MAXI DERMACOMFORT 10 1KG,Geral,4,1,0,2,10/01/2026,,1,,AP,MEIO
998,ACC SHN MAXI DERMACOMFORT 10 1KG,Geral,4,1,0,2,22/04/2026,,1,,AP,MEIO
1680,ACC CCN MEDIUM DIGESTIVE CARE 10 1KG,Cuidados,4,1,0,4,09/12/2025,,1,,AP,MEIO
1680,ACC CCN MEDIUM DIGESTIVE CARE 10 1KG,Cuidados,4,1,0,4,22/03/2026,,1,,AP,MEIO
1804,ACC SHN MAXI ADULT 12KG,Geral,4,1,2,1,13/04/2026,4,1,,AE,INTEIRO
1836,ACC SHN MEDIUM ADULT 12KG,Geral,4,1,2,2,18/03/2026,4,1,,AE,INTEIRO
1804,ACC SHN MAXI ADULT 12KG,Geral,4,2,0,1,01/03/2026,,1,,AP,MEIO
1836,ACC SHN MEDIUM ADULT 12KG,Geral,4,2,0,2,06/03/2026,,1,,AP,MEIO
38,ACC SHN MAXI PUPPY JR 15KG,Geral,4,2,1,1,10/04/2026,4,1,,AE,INTEIRO
1837,ACC SHN MAXI AGEING 8 12KG,Geral,4,2,1,2,22/03/2026,4,1,,AE,INTEIRO
1837,ACC SHN MAXI AGEING 8 12KG,Geral,4,2,1,2,14/04/2026,4,1,,AE,INTEIRO
38,ACC SHN MAXI PUPPY JR 15KG,Geral,4,2,2,1,10/04/2026,4,1,,AE,INTEIRO
1837,ACC SHN MAXI AGEING 8 12KG,Geral,4,2,2,2,14/04/2026,4,1,,AE,INTEIRO
1681,ACC CCN MEDIUM LIGHT 10 1KG,Geral,4,3,0,1,08/03/2026,,1,,AP,MEIO
1681,ACC CCN MEDIUM LIGHT 10 1KG,Geral,4,3,0,1,10/04/2026,,1,,AP,MEIO
1682,ACC SHN MAXI LIGHT 10 1KG,Geral,4,3,0,2,21/03/2026,,1,,AP,MEIO
1682,ACC SHN MAXI LIGHT 10 1KG,Geral,4,3,0,2,08/04/2026,,1,,AP,MEIO
1682,ACC SHN MAXI LIGHT 10 1KG,Geral,4,3,0,2,29/04/2026,,1,,AP,MEIO
1682,ACC SHN MAXI LIGHT 10 1KG,Geral,4,3,1,1,29/04/2026,4,1,,AE,INTEIRO
1836,ACC SHN MEDIUM ADULT 12KG,Geral,4,3,2,1,17/04/2026,4,1,,AE,INTEIRO
1836,ACC SHN MEDIUM ADULT 12KG,Geral,4,3,2,2,18/03/2026,4,1,,AE,INTEIRO
38,ACC SHN MAXI PUPPY JR 15KG,Geral,4,4,0,1,08/03/2026,,1,,AP,MEIO
29,ACC SHN MEDIUM PUPPY JR 15KG,Geral,4,4,0,2,16/01/2026,,1,,AP,MEIO
29,ACC SHN MEDIUM PUPPY JR 15KG,Geral,4,4,0,2,08/02/2026,,1,,AP,MEIO
29,ACC SHN MEDIUM PUPPY JR 15KG,Geral,4,4,0,2,27/02/2026,,1,,AP,MEIO
77,ACC SPN MEDIUM PUPPY 20KG PRO,Geral,4,4,1,1,21/03/2026,4,1,,AE,INTEIRO
29,ACC SHN MEDIUM PUPPY JR 15KG,Geral,4,4,1,2,16/03/2026,4,1,,AE,INTEIRO
29,ACC SHN MEDIUM PUPPY JR 15KG,Geral,4,4,1,2,24/04/2026,4,1,,AE,INTEIRO
1804,ACC SHN MAXI ADULT 12KG,Geral,4,4,2,1,14/03/2026,4,1,,AE,INTEIRO
1804,ACC SHN MAXI ADULT 12KG,Geral,4,4,2,2,13/04/2026,4,1,,AE,INTEIRO
74,ACC SBN GOLDEN AD 12KG,Geral,4,5,0,1,11/02/2026,,1,,AP,MEIO
68,ACC SBN BULLDOG AD 12KG,Geral,4,5,0,2,06/02/2026,,1,,AP,MEIO
73,ACC SBN ROTTWEILER AD 12KG,Geral,4,5,0,3,26/09/2025,,1,,AP,MEIO
73,ACC SBN ROTTWEILER AD 12KG,Geral,4,5,0,3,15/03/2026,,1,,AP,MEIO
62,ACC SBN LABRADOR AD 12KG,Geral,4,5,0,4,04/08/2025,,1,,AP,MEIO
1836,ACC SHN MEDIUM ADULT 12KG,Geral,4,5,2,1,18/03/2026,4,1,,AE,INTEIRO
1836,ACC SHN MEDIUM ADULT 12KG,Geral,4,5,2,2,06/03/2026,4,1,,AE,INTEIRO
81,ACC SPN GIANT PUPPY 20KG PRO,Geral,4,6,0,1,05/12/2026,,1,,AP,MEIO
655,ACC SPN MAXI LIGHT 18KG,Geral,4,6,0,2,14/02/2026,,1,,AP,TERCO
655,ACC SPN MAXI LIGHT 18KG,Geral,4,6,0,2,17/04/2026,,1,,AP,TERCO
1688,ACC SPN BREEDING ADULT 18KG PRO,Geral,4,6,1,1,07/03/2026,4,1,,AE,INTEIRO
1688,ACC SPN BREEDING ADULT 18KG PRO,Geral,4,6,1,2,17/03/2026,4,1,,AE,INTEIRO
1804,ACC SHN MAXI ADULT 12KG,Geral,4,6,2,1,01/03/2026,4,1,,AE,INTEIRO
1837,ACC SHN MAXI AGEING 8 12KG,Geral,4,6,2,2,10/01/2026,4,1,,AE,INTEIRO
1710,ACC SBN GOLDEN PUPPY 10 1 KG,Geral,4,7,0,2,13/03/2026,,1,,AP,MEIO
38,ACC SHN MAXI PUPPY JR 15KG,Geral,4,7,1,1,22/03/2026,4,1,,AE,INTEIRO
896,ACC SHN MEDIUM AGEING 10 15KG,Geral,4,7,1,2,16/04/2026,4,1,,AE,INTEIRO
1836,ACC SHN MEDIUM ADULT 12KG,Geral,4,7,2,1,17/04/2026,4,1,,AE,INTEIRO
896,ACC SHN MEDIUM AGEING 10 15KG,Geral,4,7,2,2,12/03/2026,4,1,,AE,INTEIRO
1688,ACC SPN BREEDING ADULT 18KG PRO,Geral,4,8,0,1,01/03/2026,,1,,AP,MEIO
1702,ACC SPN MAXI ADULT 18KG PRO,Geral,4,8,0,2,06/02/2026,,1,,AP,MEIO
1365,ACC SPN X-SMALL AD 20KG PRO,Geral,4,8,0,3,15/01/2026,,1,,AP,MEIO
1365,ACC SPN X-SMALL AD 20KG PRO,Geral,4,8,0,3,15/03/2026,,1,,AP,MEIO
87,ACC SPN SHIH TZU AD 20KG PRO,Geral,4,8,0,4,07/02/2026,,1,,AP,MEIO
1006,ACC SPN MINI STARTER 20KG PRO,Geral,4,8,0,5,16/02/2026,,1,,AP,MEIO
1006,ACC SPN MINI STARTER 20KG PRO,Geral,4,8,0,5,14/03/2026,,1,,AP,MEIO
940,ACC SHN MAXI AGEING 8 15KG,Geral,4,8,2,1,10/01/2026,4,1,,AE,INTEIRO
1804,ACC SHN MAXI ADULT 12KG,Geral,4,8,2,2,08/04/2026,4,1,,AE,INTEIRO
1724,ACC SBN PASTOR ALEMAO AD 10 1KG,Geral,4,9,0,1,21/10/2025,,1,,AP,MEIO
915,ACC SHN MAXI ADULT 5 15KG,Geral,4,9,0,2,20/03/2026,,1,,AP,MEIO
1727,ACC SBN PASTOR ALEMAO PUPPY 10 1KG,Geral,4,9,0,3,22/11/2025,,1,,AP,MEIO
1719,ACC SBN LABRADOR PUP 10 1KG,Geral,4,9,0,5,06/02/2026,,1,,AP,TERCO
1726,ACC SBN BULLDOG AD 10 KG,Geral,4,9,2,1,12/04/2026,4,1,,AE,INTEIRO
74,ACC SBN GOLDEN AD 12KG,Geral,4,9,2,2,15/03/2026,4,1,,AE,INTEIRO
74,ACC SBN GOLDEN AD 12KG,Geral,4,9,2,2,28/04/2026,4,1,,AE,INTEIRO
765,ACC SPN X-SMALL JR 20KG PRO,Geral,4,10,0,1,16/03/2026,,1,,AP,MEIO
76,ACC SPN MINI ADULT 20KG PRO,Geral,4,10,0,2,20/03/2026,,1,,AP,MEIO
76,ACC SPN MINI ADULT 20KG PRO,Geral,4,10,0,2,15/04/2026,,1,,AP,MEIO
93,ACC SPN PASTOR ALEMAO AD 20KG PRO,Geral,4,10,0,4,12/01/2026,,1,,AP,TERCO
93,ACC SPN PASTOR ALEMAO AD 20KG PRO,Geral,4,10,0,4,06/02/2026,,1,,AP,TERCO
1007,ACC SPN MEDIUM STARTER 20KG PRO,Geral,4,10,0,5,17/07/2025,,1,,AP,TERCO
1462,ACC SPN GOLDEN JR 20KG PRO,Geral,4,10,0,6,27/04/2026,,1,,AP,TERCO
77,ACC SPN MEDIUM PUPPY 20KG PRO,Geral,4,10,0,7,08/02/2026,,1,,AP,MEIO
77,ACC SPN MEDIUM PUPPY 20KG PRO,Geral,4,10,0,7,27/02/2026,,1,,AP,MEIO
77,ACC SPN MEDIUM PUPPY 20KG PRO,Geral,4,10,0,7,21/03/2026,,1,,AP,MEIO
1804,ACC SHN MAXI ADULT 12KG,Geral,4,10,2,1,14/03/2026,4,1,,AE,INTEIRO
1804,ACC SHN MAXI ADULT 12KG,Geral,4,10,2,2,13/04/2026,4,1,,AE,INTEIRO
1802,ACC SHN MEDIUM ADULT 7 12KG,Geral,4,11,0,1,08/03/2026,,1,,AP,MEIO
1802,ACC SHN MEDIUM ADULT 7 12KG,Geral,4,11,0,1,22/03/2026,,1,,AP,MEIO
1802,ACC SHN MEDIUM ADULT 7 12KG,Geral,4,11,0,1,15/04/2026,,1,,AP,MEIO
940,ACC SHN MAXI AGEING 8 15KG,Geral,4,11,0,2,20/01/2026,,1,,AP,MEIO
66,ACC SBN BOXER AD 12KG,Geral,4,11,0,3,09/12/2025,,1,,AP,MEIO
1839,ACC SHN GIANT ADULT 12KG,Geral,4,11,2,1,19/03/2026,4,1,,AE,INTEIRO
1836,ACC SHN MEDIUM ADULT 12KG,Geral,4,11,2,2,06/03/2026,4,1,,AE,INTEIRO
75,ACC SPN MINI JR 20KG PRO,Geral,4,12,0,1,15/02/2026,,1,,AP,MEIO
1008,ACC SPN MAXI STARTER 20KG PRO,Geral,4,12,0,3,17/10/2025,,1,,AP,TERCO
94,ACC SPN GOLDEN AD 20KG PRO,Geral,4,12,0,5,13/12/2025,,1,,AP,MEIO
94,ACC SPN GOLDEN AD 20KG PRO,Geral,4,12,0,5,15/03/2026,,1,,AP,MEIO
1702,ACC SPN MAXI ADULT 18KG PRO,Geral,4,12,2,1,25/02/2026,4,1,,AE,INTEIRO
1804,ACC SHN MAXI ADULT 12KG,Geral,4,12,2,2,13/04/2026,4,1,,AE,INTEIRO
896,ACC SHN MEDIUM AGEING 10 15KG,Geral,4,13,0,1,10/02/2026,,1,,AP,MEIO
1839,ACC SHN GIANT ADULT 12KG,Geral,4,13,0,2,12/03/2026,,1,,AP,MEIO
42,ACC SHN GIANT PUPPY 15KG,Geral,4,13,0,3,05/12/2025,,1,,AP,MEIO
42,ACC SHN GIANT PUPPY 15KG,Geral,4,13,0,3,16/01/2026,,1,,AP,MEIO
1841,ACC SHN GIANT JR 12KG,Geral,4,13,0,4,18/04/2026,,1,,AP,MEIO
1839,ACC SHN GIANT ADULT 12KG,Geral,4,13,2,1,03/05/2026,4,1,,AE,INTEIRO
1836,ACC SHN MEDIUM ADULT 12KG,Geral,4,13,2,2,23/04/2026,4,1,,AE,INTEIRO
79,ACC SPN MAXI JR 20KG PRO,Geral,4,14,0,1,04/03/2026,,1,,AP,MEIO
79,ACC SPN MAXI JR 20KG PRO,Geral,4,14,0,1,22/03/2026,,1,,AP,MEIO
82,ACC SPN GIANT ADULT 20KG PRO,Geral,4,14,0,2,03/03/2026,,1,,AP,MEIO
101,ACC SPN COMPETITION 20KG PRO,Geral,4,14,0,3,03/03/2026,,1,,AP,TERCO
1528,ACC SPN POMERANIAN ADULT 10 1KG PRO,Geral,4,14,0,4,06/03/2026,,1,,AP,TERCO
1381,ACC SPN HT42D SMALL 10 1KG PRO,Geral,4,14,0,5,16/10/2025,,1,,AP,TERCO
1009,ACC SPN GIANT STARTER 20KG PRO,Geral,4,14,0,6,22/11/2025,,1,,AP,TERCO
1151,ACC SPN BULLDOG FRAN JR 20KG PRO,Geral,4,14,0,7,16/11/2025,,1,,AP,TERCO
98,ACC SPN HT42D LARGE D 20KG PRO,Geral,4,14,0,8,18/09/2025,,1,,AP,TERCO
98,ACC SPN HT42D LARGE D 20KG PRO,Geral,4,14,0,8,27/02/2026,,1,,AP,TERCO
1836,ACC SHN MEDIUM ADULT 12KG,Geral,4,14,2,1,06/03/2026,4,1,,AE,INTEIRO
1804,ACC SHN MAXI ADULT 12KG,Geral,4,14,2,2,14/03/2026,4,1,,AE,INTEIRO
775,ACC FPN KITTEN 10 1KG (BIRTH GROWTH) PRO,Geral,5,2,0,1,14/03/2026,,1,,AP,MEIO
149,ACC FPN MOTHER E BABY CAT 10 1KG (BIRTH,Geral,5,2,0,2,07/02/2026,,1,,AP,MEIO
149,ACC FPN MOTHER E BABY CAT 10 1KG (BIRTH,Geral,5,2,0,2,16/05/2026,,1,,AP,MEIO
152,ACC FPN PERSIAN 15KG PRO,Geral,5,2,0,3,18/03/2026,,1,,AP,MEIO
153,ACC FPN MAINE COON 15KG PRO,Geral,5,2,0,3,09/12/2025,,1,,AP,MEIO
153,ACC FPN MAINE COON 15KG PRO,Geral,5,2,0,3,19/03/2026,,1,,AP,MEIO
1715,ACC VDC G. I. LOW FAT SMALL DOG 1 5KG,Veterinária,5,2,2,1,25/10/2026,5,1,,AE,INTEIRO
1715,ACC VDC G. I. LOW FAT SMALL DOG 1 5KG,Veterinária,5,2,2,2,25/10/2026,5,1,,AE,INTEIRO
777,ACC FPN STERILISED 15KG PRO,Geral,5,4,0,1,05/03/2026,,1,,AP,MEIO
1518,ACC FPN HAIR SKIN 10 1KG PRO,Geral,5,4,0,2,13/01/2026,,1,,AP,TERCO
1518,ACC FPN HAIR SKIN 10 1KG PRO,Geral,5,4,0,2,24/02/2026,,1,,AP,TERCO
776,ACC FPN QUEEN 10 1KG (BIRTH GROWTH) PRO,Geral,5,4,0,3,21/11/2025,,1,,AP,TERCO
776,ACC FPN QUEEN 10 1KG (BIRTH GROWTH) PRO,Geral,5,4,0,3,07/03/2026,,1,,AP,TERCO
1519,ACC FPN DIGESTIVE CARE 10 1KG PRO,Cuidados,5,4,0,4,12/04/2026,,1,,AP,TERCO
151,ACC FPN SENSIBLE 15KG PRO,Geral,5,4,0,5,02/03/2026,,1,,AP,MEIO
151,ACC FPN SENSIBLE 15KG PRO,Geral,5,4,0,5,23/03/2026,,1,,AP,MEIO
150,ACC FPN FIT 15KG PRO,Geral,5,4,0,6,16/02/2026,,1,,AP,MEIO
150,ACC FPN FIT 15KG PRO,Geral,5,4,0,6,13/03/2026,,1,,AP,MEIO
1715,ACC VDC G. I. LOW FAT SMALL DOG 1 5KG,Veterinária,5,4,2,2,18/11/2026,5,1,,AE,INTEIRO
1790,PTCO GATO TRULY CRE ATUM E BONITO 14GX5 70G,Geral,5,6,0,1,12/01/2026,,1,,AP,TERCO
1787,PTCO GATO TRULY CRE CAM. E BACALHAU 14GX5 70G,Geral,5,6,0,2,12/01/2026,,1,,AP,TERCO
1791,PTCO GATO TRULY CRE FRANGO E BIFE 14GX5 70G,Geral,5,6,0,3,12/01/2026,,1,,AP,TERCO
1789,PTCO GATO TRULY CRE SAL. E BACALHAU 14GX5 70G,Geral,5,6,0,4,12/01/2026,,1,,AP,TERCO
1788,PTCO GATO TRULY CRE SAL. E CRANBERRY 14GX5 70G,Geral,5,6,0,5,12/01/2026,,1,,AP,TERCO
1835,PTCO GATO TRULY CRE SABOR SORTIDO 14GX30 420G,Geral,5,6,0,6,29/09/2026,,1,,AP,TERCO
1835,PTCO GATO TRULY CRE SABOR SORTIDO 14GX30 420G,Geral,5,6,0,6,26/11/2026,,1,,AP,TERCO
1796,PTCO GATO TRULY CRE FRANGO E BIFE 14GX30 420G,Geral,5,6,0,7,12/01/2026,,1,,AP,TERCO
1792,PTCO GATO TRULY CRE CAM. E BACALHAU 14GX30 420G,Geral,5,6,0,8,12/01/2026,,1,,AP,TERCO
1795,PTCO GATO TRULY CRE ATUM E BONITO 14GX30 420G,Geral,5,6,0,9,12/01/2026,,1,,AP,TERCO
1794,PTCO GATO TRULY CRE SAL. E BACALHAU 14GX30 420G,Geral,5,6,0,10,12/01/2026,,1,,AP,TERCO
1793,PTCO GATO TRULY CRE SAL. CRANBERRY 14GX30 420G,Geral,5,6,0,11,12/01/2026,,1,,AP,TERCO
1754,PTCO CAO TRULY DEL FRANGO E KIWI 90G,Geral,5,6,0,12,23/12/2025,,1,,AP,TERCO
1763,PTCO CAO TRULY DEL FILE DE FRANGO 90G,Geral,5,6,0,13,23/12/2025,,1,,AP,TERCO
1752,PTCO CAO TRULY DEL TWISTS DE FRANGO 90G,Geral,5,6,0,14,12/01/2026,,1,,AP,TERCO
1758,PTCO CAO TRULY DEL SUSHI SALMAO ATUM CAM. 90G,Geral,5,6,0,15,12/01/2026,,1,,AP,TERCO
1755,PTCO CAO TRULY DEL PLT DE FRANGO E CENOURA 90G,Geral,5,6,0,16,23/12/2025,,1,,AP,TERCO
1020,ACC VDC HYPOALLERGENIC SMALL 2KG,Veterinária,5,6,2,1,08/11/2026,5,1,,AE,INTEIRO
1702,ACC SPN MAXI ADULT 18KG PRO,Geral,5,6,2,2,05/03/2026,5,1,,AE,INTEIRO
1784,PTCO GATO TRULY ENL DE FRANGO E SALMAO 95G,Geral,5,8,0,1,23/11/2025,,1,,AP,TERCO
1785,PTCO GATO TRULY ENL DE FRANGO E ATUM 95G,Geral,5,8,0,2,23/11/2025,,1,,AP,TERCO
1786,PTCO GATO TRULY ENL FRANGO E CARANGUEIJO 95G,Geral,5,8,0,3,23/11/2025,,1,,AP,TERCO
1783,PTCO GATO TRULY FUN DENTAL SABOR PATO 50G,Cuidados,5,8,0,4,23/12/2025,,1,,AP,TERCO
1778,PTCO GATO TRULY DEL PLT DE PATO TAURINA 50G,Geral,5,8,0,5,21/11/2025,,1,,AP,TERCO
1782,PTCO GATO TRULY FUN ANT BOLA DE PEL FRANGO 50G,Geral,5,8,0,6,27/09/2026,,1,,AP,TERCO
1781,PTCO GATO TRULY DEL M COR DE FRANGO E PEIXE 50G,Geral,5,8,0,7,19/10/2025,,1,,AP,TERCO
1781,PTCO GATO TRULY DEL M COR DE FRANGO E PEIXE 50G,Geral,5,8,0,7,23/12/2025,,1,,AP,TERCO
1781,PTCO GATO TRULY DEL M COR DE FRANGO E PEIXE 50G,Geral,5,8,0,7,12/01/2026,,1,,AP,TERCO
1780,PTCO GATO TRULY DEL M TIR DE FRANGO E PEIXE 50G,Geral,5,8,0,8,20/10/2025,,1,,AP,TERCO
1780,PTCO GATO TRULY DEL M TIR DE FRANGO E PEIXE 50G,Geral,5,8,0,8,21/11/2025,,1,,AP,TERCO
1779,PTCO GATO TRULY DEL PLT DE ATUM TAURINA 50G,Geral,5,8,0,9,21/11/2025,,1,,AP,TERCO
1757,PTCO CAO TRULY DEL TIRAS DE FRANGO E PEIXE 90G,Geral,5,8,0,10,12/01/2026,,1,,AP,TERCO
1767,PTCO CAO TRULY DEL TIRAS DE ATUM 90G,Geral,5,8,0,11,23/12/2025,,1,,AP,TERCO
1766,PTCO CAO TRULY DEL FRANGO E BANANA 90G,Geral,5,8,0,12,12/01/2026,,1,,AP,TERCO
1764,PTCO CAO TRULY DEL FRANGO NO PLT DE COURO 85G,Geral,5,8,0,13,12/01/2026,,1,,AP,TERCO
1750,PTCO CAO TRULY DEL FATIAS DE FRANGO 90G,Geral,5,8,0,14,18/08/2026,,1,,AP,TERCO
618,ACC VDC GASTRO INTESTINAL LOW FAT 1 5KG,Veterinária,5,8,2,1,31/10/2026,5,1,,AE,INTEIRO
1296,ACC VDC SATIETY SMALL DOG 1 5KG,Veterinária,5,8,2,2,29/10/2026,5,1,,AE,INTEIRO
1773,PTCO CAO TRULY TRA M PALITOS DE CORDEIRO 90G,Geral,5,10,0,1,23/12/2025,,1,,AP,TERCO
1775,PTCO CAO TRULY FUN TIRAS SENIOR 100G,Geral,5,10,0,3,23/12/2025,,1,,AP,TERCO
1777,PTCO CAO TRULY FUN CORDAS DENTAIS 95G,Geral,5,10,0,4,26/12/2025,,1,,AP,TERCO
1774,PTCO CAO TRULY FUN TIR DE ESPINAFRE E AIPO 100G,Geral,5,10,0,5,23/12/2025,,1,,AP,TERCO
1776,PTCO CAO TRULY FUN ESC DE DENTE SABOR BIFE 90G,Geral,5,10,0,6,17/01/2026,,1,,AP,TERCO
1768,PTCO CAO TRULY DEL TIRAS DE CERVO 85G,Geral,5,10,0,7,23/12/2025,,1,,AP,TERCO
1756,PTCO CAO TRULY DEL FAT DE FRANGO E QUEIJO 90G,Geral,5,10,0,8,12/01/2026,,1,,AP,TERCO
1760,PTCO CAO TRULY DEL FATIAS DE PATO 90G,Geral,5,10,0,9,12/01/2026,,1,,AP,TERCO
1759,PTCO CAO TRULY DEL PLT PEIXE E BATATA DOCE 90G,Geral,5,10,0,10,23/12/2025,,1,,AP,TERCO
1753,PTCO CAO TRULY DEL CROISSANT DE FRANGO 90G,Geral,5,10,0,11,23/12/2025,,1,,AP,TERCO
1514,TAPETE HIGIENICO CARVAO BAMBU 80 X 58 C 30UN,Geral,5,10,2,1,01/05/2027,5,1,,AE,INTEIRO
1707,ACC VDF GI HYDROL PROT 1 5KG,Veterinária,5,10,2,2,06/11/2026,5,1,,AE,INTEIRO
1765,PTCO CAO TRULY DEL FRANGO NO PLT DE COURO 325G,Geral,5,12,0,1,19/10/2025,,1,,AP,TERCO
1748,PTCO CAO TRULY DEL TWISTS DE FRANGO 360G,Geral,5,12,0,2,23/12/2025,,1,,AP,TERCO
1747,PTCO CAO TRULY DEL FATIAS DE FRANGO 360G,Geral,5,12,0,3,12/01/2026,,1,,AP,TERCO
1749,PTCO CAO TRULY DEL FATIAS DE PATO 360G,Geral,5,12,0,4,23/12/2025,,1,,AP,TERCO
1761,PTCO CAO TRULY DEL SUSHI SALMAO ATUM CAM. 400G,Geral,5,12,0,5,23/12/2025,,1,,AP,TERCO
1762,PTCO CAO TRULY DEL FILE DE FRANGO 360G,Geral,5,12,0,6,23/12/2025,,1,,AP,TERCO
1772,PTCO CAO TRULY TRA M PALITOS DE PATO 90G,Geral,5,12,0,7,23/12/2025,,1,,AP,TERCO
1770,PTCO CAO TRULY TRA TIRAS DE FRANGO E PEIXE 90G,Geral,5,12,0,8,23/12/2025,,1,,AP,TERCO
1771,PTCO CAO TRULY TRA M COR DE FRANGO E PEIXE 90G,Geral,5,12,0,9,12/01/2026,,1,,AP,TERCO
1769,PTCO CAO TRULY TRA ISCAS DE FRANGO 85G,Geral,5,12,0,10,12/01/2026,,1,,AP,TERCO
1714,OSSYTO NATURAL COM FRUTAS 50GR,Geral,5,12,0,11,30/01/2026,,1,,AP,TERCO
1712,OSSYTO LIGHT TIRAS 50G,Geral,5,12,0,12,14/06/2025,,1,,AP,TERCO
1713,OSSYTO FRANGO TIRAS 50G,Geral,5,12,0,13,29/01/2026,,1,,AP,TERCO
1181,OSSYTO NATURAL COM FRUTAS 300GR,Geral,5,12,0,15,23/01/2026,,1,,AP,TERCO
1218,OSSYTO LIGHT TIRAS 300G,Geral,5,12,0,16,29/01/2026,,1,,AP,TERCO
1177,OSSYTO FRANGO TIRAS 500G,Geral,5,12,0,17,29/01/2026,,1,,AP,TERCO
1174,OSSYTO CHURRASCO 500GR,Geral,5,12,0,18,29/01/2026,,1,,AP,TERCO
1751,PTCO CAO TRULY DEL HALT DE FRANGO C COURO 90G,Geral,5,12,0,19,21/01/2026,,1,,AP,TERCO
765,ACC SPN X-SMALL JR 20KG PRO,Geral,5,12,2,1,27/04/2026,5,1,,AE,INTEIRO
1514,TAPETE HIGIENICO CARVAO BAMBU 80 X 58 C 30UN,Geral,5,12,2,2,01/05/2027,5,1,,AE,INTEIRO
1263,ZOOCROCK INTEGRAL 500GR,Geral,5,14,0,1,08/10/2025,,1,,AP,TERCO
1263,ZOOCROCK INTEGRAL 500GR,Geral,5,14,0,1,01/01/2026,,1,,AP,TERCO
1262,ZOOCROCK TRADICIONAL 500GR,Geral,5,14,0,2,27/12/2025,,1,,AP,TERCO
1656,OSSYTO GOURMET COXINHA 60GR,Geral,5,14,0,4,13/06/2025,,1,,AP,TERCO
1658,OSSYTO GOURMET CHURROS 60GR,Geral,5,14,0,5,11/06/2025,,1,,AP,TERCO
1659,OSSYTO GOURMET ALMONDEGAS 60GR,Geral,5,14,0,6,08/07/2025,,1,,AP,TERCO
1358,ACC SHN MINI INDOOR ADULT 2 5KG,Geral,5,14,2,1,21/10/2026,5,1,,AE,INTEIRO
1514,TAPETE HIGIENICO CARVAO BAMBU 80 X 58 C,Geral,6,1,0,1,01/05/2027,,1,,AP,MEIO
1625,TAPETE HIG PUPS 80 X 60 C 07UN (LAN AMENTO 2021),Geral,6,1,0,5,31/10/2026,,1,,AP,TERCO
1514,TAPETE HIGIENICO CARVAO BAMBU 80 X 58 C,Geral,6,1,2,1,01/05/2027,6,1,,AE,INTEIRO
1514,TAPETE HIGIENICO CARVAO BAMBU 80 X 58 C,Geral,6,1,2,2,01/05/2027,6,1,,AE,INTEIRO
1432,PRE SHAMPOO ANTIRRES DUOS 5L PETPASSION,Geral,6,2,0,1,01/04/2026,,1,,AP,TERCO
1432,PRE SHAMPOO ANTIRRES DUOS 5L PETPASSION,Geral,6,2,0,1,01/05/2026,,1,,AP,TERCO
1432,PRE SHAMPOO ANTIRRES DUOS 5L PETPASSION,Geral,6,2,0,1,01/10/2026,,1,,AP,TERCO
1432,PRE SHAMPOO ANTIRRES DUOS 5L PETPASSION,Geral,6,2,0,1,01/04/2027,,1,,AP,TERCO
1015,SHAMPOO PETPASSION BLANC 5 L,Geral,6,2,0,2,01/05/2026,,1,,AP,TERCO
1015,SHAMPOO PETPASSION BLANC 5 L,Geral,6,2,0,2,01/07/2026,,1,,AP,TERCO
1015,SHAMPOO PETPASSION BLANC 5 L,Geral,6,2,0,2,01/09/2026,,1,,AP,TERCO
1015,SHAMPOO PETPASSION BLANC 5 L,Geral,6,2,0,2,01/01/2027,,1,,AP,TERCO
1014,SHAMPOO PETPASSION NEUTRO 5 L,Geral,6,2,0,3,01/09/2026,,1,,AP,MEIO
1014,SHAMPOO PETPASSION NEUTRO 5 L,Geral,6,2,0,3,01/10/2026,,1,,AP,MEIO
1014,SHAMPOO PETPASSION NEUTRO 5 L,Geral,6,2,0,3,01/12/2026,,1,,AP,MEIO
1014,SHAMPOO PETPASSION NEUTRO 5 L,Geral,6,2,0,3,01/02/2027,,1,,AP,MEIO
1394,LEAVIT V 120ML PETPASSSION,Geral,6,2,0,4,01/05/2026,,1,,AP,TERCO
1369,CEZAR 500ML,Geral,6,2,0,5,01/12/2026,,1,,AP,TERCO
1368,BEBE 500ML,Geral,6,2,0,6,01/07/2027,,1,,AP,TERCO
1521,SOPHIE 60ML (LAN AMENTO),Geral,6,2,0,8,01/11/2026,,1,,AP,TERCO
1564,SAPHIR EAU 60ML (LAN AMENTO 2021),Geral,6,2,0,9,01/09/2027,,1,,AP,TERCO
1563,DIAMANT EAU 60ML (LAN AMENTO 2021),Geral,6,2,0,10,01/02/2027,,1,,AP,TERCO
1515,BEBE 60ML (LAN AMENTO),Geral,6,2,0,11,01/07/2027,,1,,AP,TERCO
1517,DESIR 60ML (LAN AMENTO),Geral,6,2,0,12,01/07/2026,,1,,AP,TERCO
1524,CEZAR 60ML (LAN AMENTO),Geral,6,2,0,13,01/04/2028,,1,,AP,TERCO
1516,ANGE 60ML (LAN AMENTO),Geral,6,2,0,14,01/04/2027,,1,,AP,TERCO
1523,AIME 60ML (LAN AMENTO),Geral,6,2,0,15,01/09/2027,,1,,AP,TERCO
1522,LISE 60ML (LAN AMENTO),Geral,6,2,0,16,01/07/2027,,1,,AP,TERCO
1728,AREIA HIGIENICA CAT FREE GRAOS MEDIOS 4KG,Geral,6,3,0,1,17/09/2027,,1,,AP,MEIO
1703,AREIA HIGIENICA CAT FREE GRAOS FINOS 4KG,Geral,6,3,0,2,24/04/2028,,1,,AP,MEIO
1624,TAPETE HIG PUPS 80 X 60 C 30UN (LAN AMENTO 2021),Geral,6,3,0,3,02/05/2027,,1,,AP,MEIO
1723,TAPETE HIGIENICO SANITHY SLIM 70 X 60 C 30UN,Geral,6,3,0,4,09/08/2027,,1,,AP,MEIO
1514,TAPETE HIGIENICO CARVAO BAMBU 80 X 58 C,Geral,6,3,2,1,01/05/2027,6,1,,AE,INTEIRO
1514,TAPETE HIGIENICO CARVAO BAMBU 80 X 58 C,Geral,6,3,2,2,01/05/2027,6,1,,AE,INTEIRO
1013,SHAMPOO PETPASSION BLANC 1 5L (CONCENTRA,Geral,6,4,0,1,01/04/2026,,1,,AP,TERCO
1013,SHAMPOO PETPASSION BLANC 1 5L (CONCENTRA,Geral,6,4,0,1,01/08/2026,,1,,AP,TERCO
1012,SHAMPOO PETPASSION NEUTRO 1 5L (CONCENTR,Geral,6,4,0,2,01/06/2026,,1,,AP,TERCO
1012,SHAMPOO PETPASSION NEUTRO 1 5L (CONCENTR,Geral,6,4,0,2,01/07/2026,,1,,AP,TERCO
1012,SHAMPOO PETPASSION NEUTRO 1 5L (CONCENTR,Geral,6,4,0,2,01/10/2026,,1,,AP,TERCO
1433,PRE SHAMPOO ANTIRRES DUOS 1 5L PETPASSIO,Geral,6,4,0,3,01/04/2026,,1,,AP,TERCO
1433,PRE SHAMPOO ANTIRRES DUOS 1 5L PETPASSIO,Geral,6,4,0,3,01/08/2026,,1,,AP,TERCO
1573,SHAMPOO ODORBLOCK 5L PETPASSION (LAN AME,Geral,6,4,0,4,01/07/2026,,1,,AP,TERCO
1573,SHAMPOO ODORBLOCK 5L PETPASSION (LAN AME,Geral,6,4,0,4,01/09/2026,,1,,AP,TERCO
1573,SHAMPOO ODORBLOCK 5L PETPASSION (LAN AME,Geral,6,4,0,4,01/12/2026,,1,,AP,TERCO
1573,SHAMPOO ODORBLOCK 5L PETPASSION (LAN AME,Geral,6,4,0,4,01/01/2027,,1,,AP,TERCO
1016,CONDICIONADOR PETPASSION UNIVERSAL 5 L,Geral,6,4,0,5,01/04/2026,,1,,AP,TERCO
1016,CONDICIONADOR PETPASSION UNIVERSAL 5 L,Geral,6,4,0,5,01/07/2026,,1,,AP,TERCO
1016,CONDICIONADOR PETPASSION UNIVERSAL 5 L,Geral,6,4,0,5,01/09/2026,,1,,AP,TERCO
1016,CONDICIONADOR PETPASSION UNIVERSAL 5 L,Geral,6,4,0,5,01/12/2026,,1,,AP,TERCO
1017,CONDICIONADOR PETPASSION BLANC 5 L,Geral,6,4,0,6,01/10/2025,,1,,AP,TERCO
1017,CONDICIONADOR PETPASSION BLANC 5 L,Geral,6,4,0,6,01/04/2026,,1,,AP,TERCO
1434,SHAMPOO BEBE 5L PETPASSION,Geral,6,4,0,7,01/08/2026,,1,,AP,TERCO
1434,SHAMPOO BEBE 5L PETPASSION,Geral,6,4,0,7,01/01/2027,,1,,AP,TERCO
1434,SHAMPOO BEBE 5L PETPASSION,Geral,6,4,0,7,01/02/2027,,1,,AP,TERCO
1436,MASCARA TERRACOTA 500G PETPASSION,Geral,6,4,0,8,01/10/2026,,1,,AP,TERCO
1435,MASCARA ROXA 500G PETPASSION,Geral,6,4,0,9,01/04/2026,,1,,AP,TERCO
1431,CONDICIONADOR BEBE 500ML PETPASSION,Geral,6,4,0,10,01/01/2027,,1,,AP,TERCO
1431,CONDICIONADOR BEBE 500ML PETPASSION,Geral,6,4,0,10,01/03/2027,,1,,AP,TERCO
1430,SHAMPOO BEBE PETPASSION 500ML,Geral,6,4,0,11,01/01/2027,,1,,AP,TERCO
1371,AIMEE 500ML,Geral,6,4,0,14,01/08/2026,,1,,AP,TERCO
1833,PTCO GATO WANPY SOPA SALMAO E ATUM 50G,Geral,6,5,0,1,31/10/2026,,1,,AP,TERCO
1830,PTCO GATO WANPY SOPA FRANGO 50G,Geral,6,5,0,2,31/10/2026,,1,,AP,TERCO
1831,PTCO GATO WANPY SOPA ATUM 50G,Geral,6,5,0,3,31/10/2026,,1,,AP,TERCO
1829,PTCO GATO WANPY SOPA FRANGO C ABOB E CEN 50G,Geral,6,5,0,4,31/10/2026,,1,,AP,TERCO
1834,PTCO GATO WANPY SOPA PATO 50G,Geral,6,5,0,5,31/10/2026,,1,,AP,TERCO
1832,PTCO GATO WANPY SOPA ATUM E CAMARAO 50G,Geral,6,5,0,6,31/10/2026,,1,,AP,TERCO
1824,PTCO GATO WANPY SACHE DE FRANGO E BAC 85G,Geral,6,5,0,7,31/10/2026,,1,,AP,TERCO
1823,PTCO GATO WANPY SACHE DE FRANGO E CAM 85G,Geral,6,5,0,8,31/10/2026,,1,,AP,TERCO
1854,PTCO GATO WANPY CRE ATUM E SALMAO 14GX50 700G,Geral,6,5,0,9,15/12/2026,,1,,AP,TERCO
1855,PTCO GATO WANPY CRE SORTIDO 14GX50 700G,Geral,6,5,0,10,21/12/2026,,1,,AP,TERCO
1853,PTCO GATO WANPY CRE FRANGO 14GX50 700G,Geral,6,5,0,11,21/12/2026,,1,,AP,TERCO
1851,PTCO GATO WANPY CRE ATUM E VIEIRA 14GX25 350G,Geral,6,5,0,12,15/12/2026,,1,,AP,TERCO
1852,PTCO GATO WANPY CRE SORTIDO 14GX25 350G,Geral,6,5,0,13,21/12/2026,,1,,AP,TERCO
1850,PTCO GATO WANPY CRE ATUM E CAMARAO 14GX25 350G,Geral,6,5,0,14,21/12/2026,,1,,AP,TERCO
1514,TAPETE HIGIENICO CARVAO BAMBU 80 X 58 C,Geral,6,5,2,2,01/05/2027,6,1,,AE,INTEIRO
372,ANGE 1 LITRO,Geral,6,6,0,1,01/08/2026,,1,,AP,TERCO
372,ANGE 1 LITRO,Geral,6,6,0,1,01/04/2027,,1,,AP,TERCO
394,CEZAR 1 LITRO,Geral,6,6,0,2,01/12/2026,,1,,AP,TERCO
394,CEZAR 1 LITRO,Geral,6,6,0,2,01/07/2027,,1,,AP,TERCO
1567,DIAMANT EAU 1000L (LAN AMENTO 2021),Geral,6,6,0,3,01/02/2027,,1,,AP,TERCO
393,BEBE 1 LITRO,Geral,6,6,0,4,01/03/2027,,1,,AP,MEIO
393,BEBE 1 LITRO,Geral,6,6,0,4,01/07/2027,,1,,AP,MEIO
393,BEBE 1 LITRO,Geral,6,6,0,4,01/12/2027,,1,,AP,MEIO
1395,LEAVIT V 450ML PETPASSION,Geral,6,6,0,5,01/11/2026,,1,,AP,TERCO
1395,LEAVIT V 450ML PETPASSION,Geral,6,6,0,5,01/01/2027,,1,,AP,TERCO
1147,AIMEE 1 LITRO,Geral,6,6,0,6,01/08/2026,,1,,AP,TERCO
245,DESIR 1 LITRO,Geral,6,6,0,7,01/11/2026,,1,,AP,TERCO
245,DESIR 1 LITRO,Geral,6,6,0,7,01/05/2027,,1,,AP,TERCO
251,LISE 1 LITRO,Geral,6,6,0,8,01/10/2026,,1,,AP,TERCO
1568,SAPHIR EAU 1000L (LAN AMENTO 2021),Geral,6,6,0,9,01/07/2026,,1,,AP,TERCO
249,SOPHIE 1 LITRO,Geral,6,6,0,10,01/07/2027,,1,,AP,TERCO
1816,PTCO GATO WANPY F DRIED BACALHAU 20G,Geral,6,7,0,1,01/11/2026,,1,,AP,TERCO
1822,PTCO GATO WANPY SACHE DE FRANGO E VIEIRA 85G,Geral,6,7,0,2,31/10/2026,,1,,AP,TERCO
1821,PTCO CAO WANPY SACHE DE FRANGO E PATO 100G,Geral,6,7,0,3,31/10/2026,,1,,AP,TERCO
1818,PTCO CAO WANPY SACHE DE FRANGO 100G,Geral,6,7,0,4,31/10/2026,,1,,AP,TERCO
1820,PTCO CAO WANPY SACHE DE FRANGO E FIG DE FGO 100G,Geral,6,7,0,5,31/10/2026,,1,,AP,TERCO
1819,PTCO CAO WANPY SACHE DE FRANGO E VEG 100G,Geral,6,7,0,6,31/10/2026,,1,,AP,TERCO
1827,PTCO CAO WANPY CREAMY PATO 70G,Geral,6,7,0,7,07/11/2026,,1,,AP,TERCO
1825,PTCO CAO WANPY CREAMY FRANGO 70G,Geral,6,7,0,8,07/11/2026,,1,,AP,TERCO
1514,TAPETE HIGIENICO CARVAO BAMBU 80 X 58 C,Geral,6,7,2,1,01/05/2027,6,1,,AE,INTEIRO
1514,TAPETE HIGIENICO CARVAO BAMBU 80 X 58 C,Geral,6,7,2,2,01/05/2027,6,1,,AE,INTEIRO
1255,SHAMPOO BRANQUEADOR 10L,Geral,6,8,0,1,01/11/2025,,1,,AP,TERCO
1079,SHAMPOO ARGAN 10L,Geral,6,8,0,2,01/07/2026,,1,,AP,TERCO
1079,SHAMPOO ARGAN 10L,Geral,6,8,0,2,01/02/2027,,1,,AP,TERCO
1256,SHAMPOO NEUTRO 10L,Geral,6,8,0,4,01/03/2026,,1,,AP,TERCO
1256,SHAMPOO NEUTRO 10L,Geral,6,8,0,4,01/01/2027,,1,,AP,TERCO
1678,SHAMPOO BRANQUEADOR VINHO 10L,Geral,6,8,0,5,01/01/2027,,1,,AP,TERCO
1405,CONDICIONADOR SEM ENXAGUE ARGAN 10L,Geral,6,8,0,6,01/07/2026,,1,,AP,TERCO
1152,EAU DE PARFUM VINHO 400ML,Geral,6,8,0,11,01/10/2025,,1,,AP,TERCO
834,EAU DE PARFUM ENFANT 400ML,Geral,6,8,0,12,01/11/2025,,1,,AP,TERCO
1616,EAU DE PARFUM - VINHO 80ML,Geral,6,8,0,13,01/11/2027,,1,,AP,TERCO
1612,EAU DE PARFUM - MANGO 80ML,Geral,6,8,0,19,01/06/2026,,1,,AP,TERCO
1610,EAU DE PARFUM - ENFANT 80ML,Geral,6,8,0,20,01/03/2027,,1,,AP,TERCO
1826,PTCO CAO WANPY CREAMY FRANGO E QUEIJO 70G,Geral,6,9,0,1,07/11/2026,,1,,AP,TERCO
1828,PTCO CAO WANPY CREAMY SALMAO E FRANGO 70G,Geral,6,9,0,2,31/10/2026,,1,,AP,TERCO
1811,PTCO CAO WANPY F DRIED FRANGO E VEG 40G,Geral,6,9,0,3,01/11/2026,,1,,AP,TERCO
1810,PTCO CAO WANPY F DRIED FIG DE FRANGO 40G,Geral,6,9,0,4,01/11/2026,,1,,AP,TERCO
1812,PTCO CAO WANPY F DRIED FRANGO E FRUTAS 40G,Geral,6,9,0,5,01/11/2026,,1,,AP,TERCO
1815,PTCO CAO WANPY F DRIED FIG BOVINO 40G,Geral,6,9,0,6,01/11/2026,,1,,AP,TERCO
1813,PTCO CAO WANPY F DRIED PEITO DE FRANGO 40G,Geral,6,9,0,7,01/11/2026,,1,,AP,TERCO
1814,PTCO CAO WANPY F DRIED PEITO DE PATO 40G,Geral,6,9,0,8,01/11/2026,,1,,AP,TERCO
1514,TAPETE HIGIENICO CARVAO BAMBU 80 X 58 C,Geral,6,9,2,1,01/05/2027,6,1,,AE,INTEIRO
1598,SHAMPOO PELOS LONGOS 5L,Geral,6,10,0,1,01/03/2026,,1,,AP,TERCO
1082,SHAMPOO NEUTRO VINHO 5L,Geral,6,10,0,4,01/02/2026,,1,,AP,TERCO
1082,SHAMPOO NEUTRO VINHO 5L,Geral,6,10,0,4,01/03/2026,,1,,AP,TERCO
1081,SHAMPOO ARGAN 5L,Geral,6,10,0,5,01/06/2026,,1,,AP,TERCO
1090,CONDICIONADOR SEM ENXAGUE VINHO 5L,Geral,6,10,0,6,01/03/2026,,1,,AP,TERCO
1087,CONDICIONADOR SEM ENXAGUE ARGAN 5L,Geral,6,10,0,10,01/07/2026,,1,,AP,TERCO
1802,TALCO PRO AH A O HIGIENICA 15G,Geral,6,10,0,15,01/02/2027,,1,,AP,TERCO
855,SOLU AO OTOLOGICA 500ML,Geral,6,10,0,18,01/10/2025,,1,,AP,TERCO
1091,MASCARA HIDRATA O ARGAN 500ML,Geral,6,10,0,19,01/03/2026,,1,,AP,TERCO
1100,SOLU O LIMPA LAGRIMAS 65ML,Geral,6,10,0,21,01/10/2025,,1,,AP,TERCO
1808,PTCO CAO WANPY COOKIE FRANGO E MACA 230G,Geral,6,11,0,1,07/11/2026,,1,,AP,TERCO
1806,PTCO CAO WANPY COOKIE FRANGO E MACA 500G,Geral,6,11,0,2,07/11/2026,,1,,AP,TERCO
1809,PTCO CAO WANPY MINI BISC LEITE E QUEIJO 120G,Geral,6,11,0,3,07/11/2026,,1,,AP,TERCO
1807,PTCO CAO WANPY MINI BISC LEITE E QUEIJO 250G,Geral,6,11,0,4,07/11/2026,,1,,AP,TERCO
1817,PTCO CAO WANPY FAT DE BATATA DOCE 100G,Geral,6,11,0,5,07/11/2026,,1,,AP,TERCO
1849,PTCO GATO WANPY CRE ATUM E VIEIRA 14GX5 70G,Geral,6,11,0,6,15/12/2026,,1,,AP,TERCO
1843,PTCO GATO WANPY CRE ATUM E CARANQUEIJO 14GX5 70G,Geral,6,11,0,7,14/12/2026,,1,,AP,TERCO
1848,PTCO GATO WANPY CRE ATUM E CAMARAO 14GX5 70G,Geral,6,11,0,8,21/12/2026,,1,,AP,TERCO
1268,EAU DE PARFUM MA A VERDE 500ML,Geral,6,12,0,2,30/09/2025,,1,,AP,TERCO
857,SHAMPOO PRE LAVAGEM 5L,Geral,6,12,0,3,01/01/2027,,1,,AP,TERCO
844,SHAMPOO PELOS ESCUROS 5L,Geral,6,12,0,4,01/01/2026,,1,,AP,TERCO
844,SHAMPOO PELOS ESCUROS 5L,Geral,6,12,0,4,01/03/2026,,1,,AP,TERCO
1275,SHAMPOO MA A VERDE 5L,Geral,6,12,0,5,01/07/2026,,1,,AP,TERCO
1274,SHAMPOO ALOE VERA 5L,Geral,6,12,0,6,01/03/2026,,1,,AP,TERCO
840,SHAMPOO NEUTRO 5L,Geral,6,12,0,7,01/01/2026,,1,,AP,TERCO
840,SHAMPOO NEUTRO 5L,Geral,6,12,0,7,01/06/2026,,1,,AP,TERCO
944,FLORAL BACH ANSIEDADE 30ML,Geral,6,12,0,9,01/10/2026,,1,,AP,TERCO
950,FLORAL BACH MEDO E TRAUMA 30ML,Geral,6,12,0,10,01/11/2025,,1,,AP,TERCO
950,FLORAL BACH MEDO E TRAUMA 30ML,Geral,6,12,0,10,01/03/2026,,1,,AP,TERCO
946,FLORAL BACH CARENCIA E SOLIDAO 30ML,Cuidados,6,12,0,11,01/09/2026,,1,,AP,TERCO
942,FLORAL BACH OCASIOES DE EMERGENCIA 30ML,Geral,6,12,0,12,01/09/2026,,1,,AP,TERCO
945,FLORAL BACH AVERSAO BANHO 30ML,Geral,6,12,0,13,01/09/2026,,1,,AP,TERCO
947,FLORAL BACH COPROFAGIA 30ML,Geral,6,12,0,14,01/11/2025,,1,,AP,TERCO
949,FLORAL BACH MARCA O TERRITORIO 30ML,Geral,6,12,0,15,01/09/2025,,1,,AP,TERCO
949,FLORAL BACH MARCA O TERRITORIO 30ML,Geral,6,12,0,15,01/11/2025,,1,,AP,TERCO
952,FLORAL BACH TRATAMENTO STRESS 30ML,Geral,6,12,0,16,01/09/2026,,1,,AP,TERCO
951,FLORAL BACH PSEUDOCIESE 30ML,Geral,6,12,0,17,01/09/2025,,1,,AP,TERCO
951,FLORAL BACH PSEUDOCIESE 30ML,Geral,6,12,0,17,01/05/2026,,1,,AP,TERCO
948,FLORAL BACH HIPERATIVIDADE 30ML,Geral,6,12,0,18,01/05/2026,,1,,AP,TERCO
943,FLORAL BACH AGRESSIVIDADE 30ML,Geral,6,12,0,19,01/03/2026,,1,,AP,TERCO
943,FLORAL BACH AGRESSIVIDADE 30ML,Geral,6,12,0,19,01/09/2026,,1,,AP,TERCO
876,FLORAL BACH LAMBEDURA 30ML,Geral,6,12,0,20,01/09/2026,,1,,AP,TERCO
1846,PTCO GATO WANPY CRE ATUM E BACALHAU 14GX5 70G,Geral,6,13,0,1,21/12/2026,,1,,AP,TERCO
1842,PTCO GATO WANPY CRE FGO E CARANQUEIJO 14GX5 70G,Geral,6,13,0,2,21/12/2026,,1,,AP,TERCO
1845,PTCO GATO WANPY CRE ATUM 14GX5 70G,Geral,6,13,0,3,21/12/2026,,1,,AP,TERCO
1844,PTCO GATO WANPY CRE FRANGO 14GX5 70G,Geral,6,13,0,4,21/12/2026,,1,,AP,TERCO
1847,PTCO GATO WANPY CRE ATUM E SALMAO 14GX5 70G,Geral,6,13,0,5,15/12/2026,,1,,AP,TERCO
1514,TAPETE HIGIENICO CARVAO BAMBU 80 X 58 C,Geral,6,13,2,1,01/05/2027,6,1,,AE,INTEIRO
1739,PUPS SHAMPOO NEUTRO 10L,Geral,6,14,0,1,26/09/2026,,1,,AP,TERCO
1742,PUPS SHAMPOO BRANQUEADOR 10L,Geral,6,14,0,2,23/09/2026,,1,,AP,TERCO
1737,PUPS CONDICIONADOR 5L,Geral,6,14,0,3,18/09/2026,,1,,AP,TERCO
1735,PUPS SHAMPOO 2 EM 1 5L,Geral,6,14,0,4,26/09/2026,,1,,AP,TERCO
1732,PUPS SHAMPOO FILHOTES 5L,Geral,6,14,0,5,10/09/2026,,1,,AP,TERCO
1744,PUPS SHAMPOO NATURAL 3 EM 1 5L,Geral,6,14,0,6,26/09/2026,,1,,AP,TERCO
1738,PUPS SHAMPOO NEUTRO 5L,Geral,6,14,0,7,17/09/2026,,1,,AP,TERCO
1738,PUPS SHAMPOO NEUTRO 5L,Geral,6,14,0,7,26/09/2026,,1,,AP,TERCO
1741,PUPS SHAMPOO BRANQUEADOR 5L,Geral,6,14,0,8,23/09/2026,,1,,AP,TERCO
1736,PUPS CONDICIONADOR 500ML,Geral,6,14,0,9,18/09/2026,,1,,AP,TERCO
1733,PUPS SHAMPOO NEUTRO 500ML,Geral,6,14,0,10,30/09/2026,,1,,AP,TERCO
1734,PUPS SHAMPOO 2 EM 1 500ML,Geral,6,14,0,11,19/09/2026,,1,,AP,TERCO
1743,PUPS SHAMPOO NATURAL 3 EM 1 500ML,Geral,6,14,0,12,20/09/2026,,1,,AP,TERCO
1731,PUPS SHAMPOO FILHOTES 500ML,Geral,6,14,0,13,10/09/2026,,1,,AP,TERCO
1740,PUPS SHAMPOO BRANQUEADOR 500ML,Geral,6,14,0,14,23/09/2026,,1,,AP,TERCO
1228,PEROXI PET CONCENTRADO LIM O 1L,Geral,6,16,0,1,01/06/2026,,1,,AP,TERCO
1227,PEROXI PET CONCENTRADO SERINGAL 1L,Geral,6,16,0,2,01/06/2026,,1,,AP,TERCO
1439,HERBALBRILL 1000ML,Geral,6,16,0,5,01/01/2027,,1,,AP,TERCO
1438,HERBALBRILL 500ML,Geral,6,16,0,6,01/02/2026,,1,,AP,TERCO
1230,PEROXI PET ESPUMA LIM O 350ML,Geral,6,16,0,7,01/09/2025,,1,,AP,TERCO
1230,PEROXI PET ESPUMA LIM O 350ML,Geral,6,16,0,7,01/04/2026,,1,,AP,TERCO
1229,PEROXI PET ESPUMA SERINGAL 350ML,Geral,6,16,0,8,01/09/2025,,1,,AP,TERCO
1229,PEROXI PET ESPUMA SERINGAL 350ML,Geral,6,16,0,8,01/04/2026,,1,,AP,TERCO
22,ACC SHN MINI INDOOR ADULT 1KG,Geral,7,1,0,1,30/08/2026,,1,,AP,MEIO
22,ACC SHN MINI INDOOR ADULT 1KG,Geral,7,1,0,1,14/09/2026,,1,,AP,MEIO
994,ACC SHN MINI DERMACOMFORT 1KG,Geral,7,1,0,2,01/09/2026,,1,,AP,TERCO
994,ACC SHN MINI DERMACOMFORT 1KG,Geral,7,1,0,2,14/10/2026,,1,,AP,TERCO
881,ACC SHN MINI AGEING 12 1KG,Geral,7,1,0,3,22/08/2026,,1,,AP,TERCO
739,ACC SHN X-SMALL AD 1KG,Geral,7,2,0,1,19/08/2026,,1,,AP,MEIO
739,ACC SHN X-SMALL AD 1KG,Geral,7,2,0,1,19/09/2026,,1,,AP,MEIO
1628,ACC CCN MINI DIGEST CARE 1KG,Cuidados,7,2,0,2,17/09/2026,,1,,AP,TERCO
1667,ACC SHN MINI STAR MOT BDOG 1KG,Geral,7,2,0,3,30/01/2026,,1,,AP,TERCO
19,ACC SHN MINI INDOOR PUPPY JR 1KG,Geral,7,3,0,1,16/08/2026,,1,,AP,MEIO
19,ACC SHN MINI INDOOR PUPPY JR 1KG,Geral,7,3,0,1,01/09/2026,,1,,AP,MEIO
19,ACC SHN MINI INDOOR PUPPY JR 1KG,Geral,7,3,0,1,15/10/2026,,1,,AP,MEIO
659,ACC SBN MALTES PUPPY 1KG,Geral,7,3,0,2,27/05/2026,,1,,AP,TERCO
54,ACC SBN SHIH TZU PUPPY 1KG,Geral,7,3,0,3,11/06/2026,,1,,AP,TERCO
54,ACC SBN SHIH TZU PUPPY 1KG,Geral,7,3,0,3,16/09/2026,,1,,AP,TERCO
1494,ACC SHN MINI INDOOR SENIOR 1 KG,Geral,7,4,0,1,10/09/2026,,1,,AP,TERCO
1494,ACC SHN MINI INDOOR SENIOR 1 KG,Geral,7,4,0,1,10/10/2026,,1,,AP,TERCO
868,ACC SHN MINI ADULT 8 1KG,Geral,7,4,0,2,04/09/2026,,1,,AP,TERCO
10,ACC SHN MINI LIGHT 1KG,Geral,7,4,0,3,28/08/2026,,1,,AP,TERCO
10,ACC SHN MINI LIGHT 1KG,Geral,7,4,0,3,16/09/2026,,1,,AP,TERCO
10,ACC SHN MINI LIGHT 1KG,Geral,7,4,0,3,09/10/2026,,1,,AP,TERCO
45,ACC SBN YORKSHIRE AD 1KG,Geral,7,5,0,1,21/07/2026,,1,,AP,MEIO
45,ACC SBN YORKSHIRE AD 1KG,Geral,7,5,0,1,30/08/2026,,1,,AP,MEIO
45,ACC SBN YORKSHIRE AD 1KG,Geral,7,5,0,1,12/10/2026,,1,,AP,MEIO
661,ACC SBN MALTES AD 1KG,Geral,7,5,0,2,16/07/2026,,1,,AP,TERCO
661,ACC SBN MALTES AD 1KG,Geral,7,5,0,2,10/08/2026,,1,,AP,TERCO
661,ACC SBN MALTES AD 1KG,Geral,7,5,0,2,01/09/2026,,1,,AP,TERCO
686,ACC SBN BULLDOG FRANCES PUPPY 1KG,Geral,7,5,0,3,17/05/2026,,1,,AP,TERCO
4,ACC SHN MINI ADULT 1KG,Geral,7,6,0,1,10/09/2026,,1,,AP,TERCO
4,ACC SHN MINI ADULT 1KG,Geral,7,6,0,1,13/10/2026,,1,,AP,TERCO
4,ACC SHN MINI ADULT 1KG,Geral,7,6,0,1,24/10/2026,,1,,AP,TERCO
664,ACC SBN PUG AD 1KG,Geral,7,6,0,2,24/05/2026,,1,,AP,TERCO
664,ACC SBN PUG AD 1KG,Geral,7,6,0,2,18/09/2026,,1,,AP,TERCO
1,ACC SHN MINI PUPPY JR 1KG,Geral,7,6,0,3,29/08/2026,,1,,AP,TERCO
1,ACC SHN MINI PUPPY JR 1KG,Geral,7,6,0,3,14/11/2026,,1,,AP,TERCO
1469,ACC SHN PUG PUPPY 1KG,Geral,7,6,0,4,27/10/2026,,1,,AP,TERCO
327,ACC SBN SHIH TZU AD 1KG,Geral,7,7,0,1,22/07/2026,,1,,AP,MEIO
327,ACC SBN SHIH TZU AD 1KG,Geral,7,7,0,1,12/08/2026,,1,,AP,MEIO
327,ACC SBN SHIH TZU AD 1KG,Geral,7,7,0,1,17/09/2026,,1,,AP,MEIO
327,ACC SBN SHIH TZU AD 1KG,Geral,7,7,0,1,12/10/2026,,1,,AP,MEIO
69,ACC SBN YORKSHIRE PUPPY 1KG,Geral,7,7,0,2,29/05/2026,,1,,AP,TERCO
69,ACC SBN YORKSHIRE PUPPY 1KG,Geral,7,7,0,2,19/07/2026,,1,,AP,TERCO
1318,ACC CAT PREM AD CASTRADO 1KG,Geral,7,7,0,3,23/01/2026,,1,,AP,TERCO
1318,ACC CAT PREM AD CASTRADO 1KG,Geral,7,7,0,3,26/01/2026,,1,,AP,TERCO
1525,ACC SBN POMERANIAN ADULT 1KG,Geral,7,8,0,1,22/07/2026,,1,,AP,TERCO
1525,ACC SBN POMERANIAN ADULT 1KG,Geral,7,8,0,1,04/09/2026,,1,,AP,TERCO
1525,ACC SBN POMERANIAN ADULT 1KG,Geral,7,8,0,1,10/10/2026,,1,,AP,TERCO
741,ACC SHN X-SMALL AD 8 1KG,Geral,7,8,0,2,18/07/2026,,1,,AP,TERCO
737,ACC SHN X-SMALL PUPPY JR 1KG,Geral,7,8,0,3,21/08/2026,,1,,AP,TERCO
737,ACC SHN X-SMALL PUPPY JR 1KG,Geral,7,8,0,3,14/09/2026,,1,,AP,TERCO
48,ACC SBN POODLE AD 1KG,Geral,7,8,0,4,25/02/2026,,1,,AP,TERCO
743,ACC SHN X-SMALL AGEING 12 1KG,Geral,7,9,0,1,06/06/2026,,1,,AP,MEIO
743,ACC SHN X-SMALL AGEING 12 1KG,Geral,7,9,0,1,21/07/2026,,1,,AP,MEIO
743,ACC SHN X-SMALL AGEING 12 1KG,Geral,7,9,0,1,01/09/2026,,1,,AP,MEIO
743,ACC SHN X-SMALL AGEING 12 1KG,Geral,7,9,0,1,24/10/2026,,1,,AP,MEIO
1319,ACC CAT PREM AD VITALIDADE 1KG,Geral,7,9,0,2,23/01/2026,,1,,AP,TERCO
1314,ACC CAT PREM FILHOTE 1KG,Geral,7,9,0,3,20/08/2025,,1,,AP,TERCO
1314,ACC CAT PREM FILHOTE 1KG,Geral,7,9,0,3,25/11/2025,,1,,AP,TERCO
1316,ACC CAT PREM AD BELEZA PL 1KG,Geral,7,9,0,4,24/01/2026,,1,,AP,TERCO
199,ACC VDC FEL RECOVERY WET 195G,Veterinária,8,1,0,1,07/08/2026,,1,,AP,MEIO
199,ACC VDC FEL RECOVERY WET 195G,Veterinária,8,1,1,1,31/08/2026,8,1,,AE,INTEIRO
129,ACC FHN HAIR SKIN CARE 400G,Alimentação,8,2,0,1,14/07/2026,,1,,AP,TERCO
129,ACC FHN HAIR SKIN CARE 400G,Alimentação,8,2,0,1,23/10/2026,,1,,AP,TERCO
143,ACC FBN KITTEN PERSIAN 32 400G,Alimentação,8,2,0,2,12/08/2026,,1,,AP,TERCO
707,ACC FHN KITTEN STERILISED 400G,Alimentação,8,2,0,3,29/08/2026,,1,,AP,TERCO
121,ACC FHN EXIGENT 400G,Alimentação,8,2,0,4,19/09/2026,,1,,AP,MEIO
121,ACC FHN EXIGENT 400G,Alimentação,8,2,0,4,08/10/2026,,1,,AP,MEIO
121,ACC FHN EXIGENT 400G,Alimentação,8,2,2,1,23/10/2026,8,1,,AE,INTEIRO
191,ACC VDC GASTRO INTESTINAL WET 400G,Veterinária,8,3,0,1,09/10/2026,,1,,AP,MEIO
191,ACC VDC GASTRO INTESTINAL WET 400G,Veterinária,8,3,0,1,13/11/2026,,1,,AP,MEIO
191,ACC VDC GASTRO INTESTINAL WET 400G,Veterinária,8,3,0,1,18/12/2026,,1,,AP,MEIO
965,ACC FHN BABY CAT INSTINCTIVE WET 195G,Alimentação,8,3,0,2,13/08/2026,,1,,AP,TERCO
965,ACC FHN BABY CAT INSTINCTIVE WET 195G,Alimentação,8,3,0,2,21/12/2026,,1,,AP,TERCO
1075,ACC VDC HYPOALLERGENIC WET 200G,Veterinária,8,3,0,3,24/08/2026,,1,,AP,TERCO
1075,ACC VDC HYPOALLERGENIC WET 200G,Veterinária,8,3,0,3,07/10/2026,,1,,AP,TERCO
1075,ACC VDC HYPOALLERGENIC WET 200G,Veterinária,8,3,0,3,04/11/2026,,1,,AP,TERCO
133,ACC FHN LIGHT 400G,Alimentação,8,4,0,1,29/05/2026,,1,,AP,TERCO
770,ACC FHN INDOOR 7 400G,Alimentação,8,4,0,2,05/06/2026,,1,,AP,TERCO
1633,ACC FCN APPETITE CONTROL 400G,Alimentação,8,4,0,3,01/02/2026,,1,,AP,TERCO
117,ACC FHN SENSIBLE 400G,Alimentação,8,4,0,4,17/08/2026,,1,,AP,MEIO
117,ACC FHN SENSIBLE 400G,Alimentação,8,4,0,4,23/10/2026,,1,,AP,MEIO
1074,ACC VDC HYPOALLERGENIC WET 400G,Veterinária,8,5,0,1,08/09/2026,,1,,AP,MEIO
1074,ACC VDC HYPOALLERGENIC WET 400G,Veterinária,8,5,0,1,07/10/2026,,1,,AP,MEIO
1074,ACC VDC HYPOALLERGENIC WET 400G,Veterinária,8,5,0,1,27/12/2026,,1,,AP,MEIO
1291,ACC VDC SATIETY SUP WET 410G,Veterinária,8,5,0,2,17/08/2026,,1,,AP,TERCO
1291,ACC VDC SATIETY SUP WET 410G,Veterinária,8,5,0,2,19/11/2026,,1,,AP,TERCO
197,ACC VDC HEPATIC WET 420G,Veterinária,8,5,0,3,02/08/2026,,1,,AP,TERCO
197,ACC VDC HEPATIC WET 420G,Veterinária,8,5,0,3,30/10/2026,,1,,AP,TERCO
114,ACC FHN FIT 400G,Alimentação,8,6,0,1,11/09/2026,,1,,AP,TERCO
114,ACC FHN FIT 400G,Alimentação,8,6,0,1,26/10/2026,,1,,AP,TERCO
1077,ACC FHN MOTHER BABY 400G,Alimentação,8,6,0,2,08/08/2026,,1,,AP,TERCO
1077,ACC FHN MOTHER BABY 400G,Alimentação,8,6,0,2,13/11/2026,,1,,AP,TERCO
126,ACC FHN INDOOR 400G,Alimentação,8,6,0,3,26/08/2026,,1,,AP,TERCO
126,ACC FHN INDOOR 400G,Alimentação,8,6,0,3,13/10/2026,,1,,AP,TERCO
522,ACC FHN STERILISED 400G,Alimentação,8,6,0,4,17/08/2026,,1,,AP,MEIO
522,ACC FHN STERILISED 400G,Alimentação,8,6,0,4,03/09/2026,,1,,AP,MEIO
522,ACC FHN STERILISED 400G,Alimentação,8,6,0,4,29/10/2026,,1,,AP,MEIO
192,ACC VDC RENAL WET 410G,Veterinária,8,7,0,1,10/08/2026,,1,,AP,MEIO
192,ACC VDC RENAL WET 410G,Veterinária,8,7,0,1,24/08/2026,,1,,AP,MEIO
1380,ACC VDC URINARY S O WET 410G,Veterinária,8,7,0,2,12/09/2026,,1,,AP,TERCO
1380,ACC VDC URINARY S O WET 410G,Veterinária,8,7,0,2,01/10/2026,,1,,AP,TERCO
1380,ACC VDC URINARY S O WET 410G,Veterinária,8,7,0,2,11/10/2026,,1,,AP,TERCO
198,ACC VDC CARDIAC WET 410G,Veterinária,8,7,0,3,26/08/2026,,1,,AP,TERCO
195,ACC VDC DIABETIC WET 410G,Veterinária,8,7,0,4,10/10/2026,,1,,AP,TERCO
697,ACC FHN STERILISED 7 400G,Alimentação,8,8,0,1,13/08/2026,,1,,AP,TERCO
697,ACC FHN STERILISED 7 400G,Alimentação,8,8,0,1,02/09/2026,,1,,AP,TERCO
137,ACC FBN PERSIAN 400G,Alimentação,8,8,0,2,09/08/2026,,1,,AP,TERCO
137,ACC FBN PERSIAN 400G,Alimentação,8,8,0,2,16/09/2026,,1,,AP,TERCO
1482,ACC FCN DIGESTIVE CARE 400G,Alimentação,8,8,0,3,31/08/2026,,1,,AP,TERCO
106,ACC FHN KITTEN 400G,Alimentação,8,8,0,4,08/08/2026,,1,,AP,TERCO
131,ACC FHN HAIRBALL CARE 400G,Alimentação,8,8,0,5,03/09/2026,,1,,AP,TERCO
699,ACC FHN STERILISED 12 400G,Alimentação,8,8,0,6,28/08/2026,,1,,AP,TERCO
106,ACC FHN KITTEN 400G,Alimentação,8,8,2,1,03/09/2026,8,1,,AE,TERCO
131,ACC FHN HAIRBALL CARE 400G,Alimentação,8,8,2,2,31/10/2026,8,1,,AE,TERCO
1700,ACC VDC GASTRO INTESTINAL LOW FAT WET 420G,Veterinária,8,9,0,1,17/09/2026,,1,,AP,MEIO
1706,ACC VDF HYPOALLERGENIC 400G,Veterinária,8,10,0,1,23/10/2025,,1,,AP,TERCO
1704,ACC VDF SATIETY 400G,Veterinária,8,10,0,2,04/11/2025,,1,,AP,TERCO
1718,ACC VDF RENAL 400G,Veterinária,8,10,0,3,22/07/2026,,1,,AP,TERCO
1718,ACC VDF RENAL 400G,Veterinária,8,10,0,3,22/10/2026,,1,,AP,TERCO
1717,ACC VDF RENAL SPECIAL400G,Veterinária,8,10,0,4,06/10/2026,,1,,AP,TERCO
1717,ACC VDF RENAL SPECIAL400G,Veterinária,8,10,0,4,25/10/2026,,1,,AP,TERCO
1709,ACC VDF URINARY S O 400G,Veterinária,8,10,0,5,17/09/2026,,1,,AP,TERCO
1709,ACC VDF URINARY S O 400G,Veterinária,8,10,0,5,11/10/2026,,1,,AP,TERCO
1705,ACC VDF GASTRO INTESTINAL 400G,Veterinária,8,10,0,6,16/09/2026,,1,,AP,TERCO
1705,ACC VDF GASTRO INTESTINAL 400G,Veterinária,8,10,0,6,23/10/2026,,1,,AP,TERCO
1672,ACC SHN X-SMALL PUPPY JR 500G,Geral,8,10,0,7,29/03/2026,,1,,AP,TERCO
1694,ACC FCN DENTAL CARE 400G,Alimentação,8,10,0,8,14/10/2025,,1,,AP,TERCO
941,ACC FHN STERILISED WET 85G,Alimentação,9,2,0,1,23/12/2026,,1,,AP,MEIO
941,ACC FHN STERILISED WET 85G,Alimentação,9,2,0,1,12/02/2027,,1,,AP,MEIO
1145,ACC FHN INSTINCTIVE 7 WET 85G,Alimentação,9,2,0,2,29/10/2026,,1,,AP,MEIO
1701,ACC FCN DIGESTIVE CARE GRAVY WET 85G,Alimentação,9,2,0,3,23/11/2026,,1,,AP,MEIO
1701,ACC FCN DIGESTIVE CARE GRAVY WET 85G,Alimentação,9,2,0,3,09/02/2027,,1,,AP,MEIO
642,ACC FHN LIGHT WET 85GR,Alimentação,9,4,0,1,26/09/2026,,1,,AP,TERCO
1288,ACC FHN HAIRBALL CARE WET 85G,Alimentação,9,4,0,2,03/10/2026,,1,,AP,TERCO
1146,ACC FHN AGEING 12 WET 85G,Alimentação,9,4,0,3,25/07/2026,,1,,AP,TERCO
1146,ACC FHN AGEING 12 WET 85G,Alimentação,9,4,0,3,04/01/2027,,1,,AP,TERCO
1636,ACC FHN STERILISED LOAF WET 85G,Alimentação,9,4,0,4,18/09/2026,,1,,AP,TERCO
1636,ACC FHN STERILISED LOAF WET 85G,Alimentação,9,4,0,4,03/12/2026,,1,,AP,TERCO
1676,ACC FHN STERILISED GELATINA WET 85G,Alimentação,9,4,0,5,07/03/2026,,1,,AP,TERCO
1676,ACC FHN STERILISED GELATINA WET 85G,Alimentação,9,4,0,5,16/11/2026,,1,,AP,TERCO
1676,ACC FHN STERILISED GELATINA WET 85G,Alimentação,9,4,0,5,23/01/2027,,1,,AP,TERCO
641,ACC FHN KITTEN INSTINCTIVE WET 85G,Alimentação,9,6,0,1,11/12/2026,,1,,AP,MEIO
641,ACC FHN KITTEN INSTINCTIVE WET 85G,Alimentação,9,6,0,1,03/01/2027,,1,,AP,MEIO
1533,ACC VDF GASTRO INTESTINAL FELINE WET 85G,Veterinária,9,6,0,2,24/08/2026,,1,,AP,TERCO
1533,ACC VDF GASTRO INTESTINAL FELINE WET 85G,Veterinária,9,6,0,2,20/09/2026,,1,,AP,TERCO
1533,ACC VDF GASTRO INTESTINAL FELINE WET 85G,Veterinária,9,6,0,2,24/11/2026,,1,,AP,TERCO
1533,ACC VDF GASTRO INTESTINAL FELINE WET 85G,Veterinária,9,6,0,2,26/01/2027,,1,,AP,TERCO
1216,ACC VDF RENAL S O WET 85G,Veterinária,9,6,0,3,26/09/2026,,1,,AP,TERCO
1721,ACC VDF RENAL FEL WET FISH 85G,Veterinária,9,6,0,4,03/04/2026,,1,,AP,TERCO
1721,ACC VDF RENAL FEL WET FISH 85G,Veterinária,9,6,0,4,27/04/2026,,1,,AP,TERCO
1496,ACC VDF SATIETY FELINE WET 85G,Veterinária,9,6,0,5,15/10/2026,,1,,AP,TERCO
1496,ACC VDF SATIETY FELINE WET 85G,Veterinária,9,6,0,5,14/12/2026,,1,,AP,TERCO
1513,ACC VDF URINARY S O WET 85G,Veterinária,9,6,0,6,04/02/2026,,1,,AP,TERCO
1513,ACC VDF URINARY S O WET 85G,Veterinária,9,6,0,6,29/12/2026,,1,,AP,TERCO
644,ACC FHN INSTINCTIVE WET 85G,Alimentação,9,8,0,1,24/11/2026,,1,,AP,MEIO
644,ACC FHN INSTINCTIVE WET 85G,Alimentação,9,8,0,1,19/12/2026,,1,,AP,MEIO
1708,ACC FCN HAIR SKIN GRAVY WET 85G,Alimentação,9,8,0,3,13/04/2026,,1,,AP,TERCO
175,ACC FCN APPETI CONTROL WET 85G,Alimentação,9,8,0,4,19/08/2026,,1,,AP,TERCO
175,ACC FCN APPETI CONTROL WET 85G,Alimentação,9,8,0,4,12/10/2026,,1,,AP,TERCO
1697,ACC FCN DIGESTIVE LOAF WET 85G,Alimentação,9,8,0,5,01/02/2027,,1,,AP,TERCO
1512,ACC CCN COAT BEAUTY WET 85G,Geral,9,8,0,7,21/02/2026,,1,,AP,TERCO
1510,ACC CCN DIGESTIVE CARE WET 85G,Cuidados,9,8,0,8,29/10/2026,,1,,AP,TERCO
1510,ACC CCN DIGESTIVE CARE WET 85G,Cuidados,9,8,0,8,07/12/2026,,1,,AP,TERCO
1511,ACC CCN DERMACOMFORT WET 85G,Geral,9,8,0,9,14/06/2026,,1,,AP,TERCO
1511,ACC CCN DERMACOMFORT WET 85G,Geral,9,8,0,9,20/11/2026,,1,,AP,TERCO
1509,ACC CCN LIGHT WEIGHT CARE WET 85G,Cuidados,9,8,0,10,19/10/2026,,1,,AP,TERCO
1509,ACC CCN LIGHT WEIGHT CARE WET 85G,Cuidados,9,8,0,10,30/10/2026,,1,,AP,TERCO
1509,ACC CCN LIGHT WEIGHT CARE WET 85G,Cuidados,9,8,0,10,12/12/2026,,1,,AP,TERCO
1505,ACC SHN MINI ADULT WET 85G,Geral,9,10,0,1,27/07/2026,,1,,AP,MEIO
1504,ACC SHN MINI PUPPY WET 85G,Geral,9,10,0,2,17/05/2026,,1,,AP,TERCO
1506,ACC SHN MINI AGEING WET 85G,Geral,9,10,0,3,22/04/2026,,1,,AP,TERCO
1506,ACC SHN MINI AGEING WET 85G,Geral,9,10,0,3,27/06/2026,,1,,AP,TERCO
1529,ACC BHN POMERANIAN WET 85G,Geral,9,10,0,4,28/06/2026,,1,,AP,TERCO
1529,ACC BHN POMERANIAN WET 85G,Geral,9,10,0,4,17/10/2026,,1,,AP,TERCO
1534,ACC BHN SHIH TZU WET 85G,Geral,9,10,0,5,03/09/2026,,1,,AP,TERCO
1508,ACC BHN YORKSHIRE ADULT WET 85G,Geral,9,10,0,6,07/08/2026,,1,,AP,TERCO
1508,ACC BHN YORKSHIRE ADULT WET 85G,Geral,9,10,0,6,11/09/2026,,1,,AP,TERCO
1500,ACC SHN MEDIUM PUPPY WET 140G,Geral,9,10,0,8,22/02/2026,,1,,AP,TERCO
1500,ACC SHN MEDIUM PUPPY WET 140G,Geral,9,10,0,8,04/06/2026,,1,,AP,TERCO
1501,ACC SHN MEDIUM ADULT WET 140G,Geral,9,10,0,9,02/08/2026,,1,,AP,TERCO
1503,ACC SHN MAXI ADULT WET 140G,Geral,9,10,0,10,03/08/2026,,1,,AP,TERCO
1502,ACC SHN MAXI PUPPY WET 140G,Geral,9,10,0,11,22/11/2025,,1,,AP,TERCO
